OG_ID,analysis_relax_relaxed,gene_symbol,chr,seqStart,seqEnd
OG0009904,relaxed,CFAP58,chr1,3428632761,3428635380
OG0010261,relaxed,GALT,chr1,149568855,149569968
OG0006089,relaxed,YTHDC2,chr1,3111604344,3111608877
OG0006645,relaxed,AFAP1,chr1,489605926,489608395
OG0006842,relaxed,PPAT,chr1,1528693835,1528695422
OG0007817,relaxed,DCP2,chr1,3132523417,3132525340
OG0007998,relaxed,LRCH1,chr1,3117985614,3117987567
OG0008164,relaxed,ENPP6,chr1,1269840275,1269841382
OG0008907,relaxed,CNTFR,chr1,135818439,135819696
OG0009891,relaxed,SPEF2,chr1,3759793895,3759799079
OG0010270,relaxed,IFT46,chr1,2058864038,2058865166
OG0010772,relaxed,SNX25,chr1,1980307036,1980309421
OG0011298,relaxed,CAST,chr1,3266311389,3266314716
OG0011805,relaxed,MANBA,chr1,2515073916,2515076373
OG0006320,relaxed,NR3C2,chr1,1003005334,1003008280
OG0006423,relaxed,UFSP2,chr1,2004616308,2004617709
OG0006431,relaxed,PRR16,chr1,3059149046,3059149940
OG0006436,relaxed,MRPS36,chr1,3491760110,3491760437
OG0006469,relaxed,EPG5,chr1,3895362708,3895370478
OG0006483,relaxed,RBM46,chr1,1050622105,1050623629
OG0006526,relaxed,DUSP4,chr1,2317316804,2317317866
OG0006887,relaxed,FER,chr1,3161326946,3161329238
OG0006911,relaxed,NPR3,chr1,3823880123,3823881740
OG0006912,relaxed,DMRT2,chr1,2686608296,2686609796
OG0006966,relaxed,ST8SIA3,chr1,3789788106,3789789249
OG0006988,relaxed,ABCE1,chr1,1636892926,1636895137
OG0007077,relaxed,APC,chr1,3135090224,3135098858
OG0007124,relaxed,JADE1,chr1,1549931591,1549934156
OG0007427,relaxed,GSX2,chr1,773909259,773909988
OG0007455,relaxed,TMEM192,chr1,1149256424,1149257192
OG0007458,relaxed,C4orf27,chr1,1139601045,1139602050
OG0007478,relaxed,ZNF366,chr1,3410809362,3410811567
OG0007479,relaxed,CDO1,chr1,3108139992,3108140658
OG0007569,relaxed,DMRT3,chr1,2687395170,2687396490
OG0007662,relaxed,NADK2,chr1,3752834234,3752835515
OG0008052,relaxed,CYB5R4,chr1,2306166917,2306168489
OG0008073,relaxed,KIAA0232,chr1,480665358,480669375
OG0008082,relaxed,RELL1,chr1,697703550,697704375
OG0008084,relaxed,SLC1A1,chr1,2662942413,2662944003
OG0008116,relaxed,C20orf194,chr1,252606364,252609880
OG0008292,relaxed,MAP1B,chr1,3408727217,3408734051
OG0008392,relaxed,RFC1,chr1,710742347,710745866
OG0008397,relaxed,WDR19,chr1,709016160,709020195
OG0008474,relaxed,MKS1,chr1,47777435,47779187
OG0008537,relaxed,CCNH,chr1,3338245188,3338246157
OG0008552,relaxed,C9orf85,chr1,2722660504,2722660891
OG0008668,relaxed,NUP54,chr1,2279109719,2279111309
OG0008672,relaxed,ZNF532,chr1,3802524427,3802528264
OG0008692,relaxed,NKX6NA1,chr1,1363153156,1363154077
OG0009110,relaxed,IMMT,chr1,359183776,359186056
OG0009166,relaxed,CDC16,chr1,540847380,540849261
OG0009254,relaxed,TADA2B,chr1,483205987,483207211
OG0009269,relaxed,TRMT44,chr1,496205209,496207213
OG0009322,relaxed,ALMS1,chr1,177514835,177524447
OG0009356,relaxed,GPRIN3,chr1,2464399114,2464401481
OG0009357,relaxed,TET2,chr1,1679462097,1679467824
OG0009718,relaxed,GNE,chr1,1302820201,1302822439
OG0009744,relaxed,SNCAIP,chr1,3050384266,3050387101
OG0009869,relaxed,PIAS2,chr1,3886827394,3886829713
OG0009879,relaxed,NOL6,chr1,169175512,169178908
OG0009892,relaxed,ME2,chr1,3855841128,3855842772
OG0010004,relaxed,AGGF1,chr1,3460358327,3460360634
OG0010030,relaxed,CCDC11,chr1,3860929128,3860930688
OG0010460,relaxed,RNF103,chr1,351959107,351961165
OG0010626,relaxed,PIK3C3,chr1,3922185754,3922188418
OG0010634,relaxed,CCT7,chr1,181512247,181513852
OG0010914,relaxed,CTSO,chr1,1072594025,1072595096
OG0011086,relaxed,MND1,chr1,1036106324,1036106729
OG0011116,relaxed,HSD17B4,chr1,3071792464,3071794549
OG0011119,relaxed,ERCC6L2,chr1,2635483289,2635487681
OG0011311,relaxed,ARSB,chr1,3480133613,3480135206
OG0011469,relaxed,SNX30,chr1,1942843422,1942844784
OG0011500,relaxed,PPWD1,chr1,3522428571,3522437148
OG0011540,relaxed,GNPNAT1,chr1,3887047499,3887048063
OG0011826,relaxed,MMAA,chr1,984002916,984004176
OG0012108,relaxed,CISD2,chr1,2516556217,2516556625
OG0012112,relaxed,CAAP1,chr1,1873321761,1873322637
OG0012118,relaxed,PGM2,chr1,699186743,699188573
OG0012139,relaxed,ZNF608,chr1,3025146584,3025150934
OG0012198,relaxed,POLK,chr1,3447613014,3447615687
OG0012199,relaxed,GPR98,chr1,3307476563,3307495160
OG0012239,relaxed,ARMC3,chr1,3838534139,3838536731
OG0012288,relaxed,AMACR,chr1,3830985006,3830986155
OG0012445,relaxed,TDP1,chr1,249584291,249586124
OG0012585,relaxed,ACOX3,chr1,495890508,495892641
OG0012588,relaxed,RAP1GDS1,chr1,2395268650,2395270474
OG0012895,relaxed,IFT74,chr1,1782910295,1782912128
OG0012919,relaxed,AK6,chr1,3399125135,3399125672
OG0012957,relaxed,HAUS1,chr1,3893316985,3893317891
OG0012959,relaxed,ALPK2,chr1,3798483324,3798488568
OG0012961,relaxed,PLGRKT,chr1,2926840435,2926841104
OG0013354,relaxed,LONRF1,chr1,1526056784,1526058998
OG0013524,relaxed,PLAA,chr1,1874541619,1874544004
OG0013631,relaxed,FASTKD5,chr1,269366525,269369009
OG0013684,relaxed,DNAH6,chr1,1385481049,1385492650
OG0013832,relaxed,ZBTB49,chr1,458114000,458115608
OG0014040,relaxed,NA,chr1,1256879701,1256880100
OG0014057,relaxed,NA,chr1,2594648863,2594650330
OG0014148,relaxed,MBOAT4,chr1,2227941734,2227943051
OG0002470,relaxed,AADACL4,chr10,1158754,1159999
OG0007315,relaxed,RAI1,chr10,1003662109,1003669762
OG0008761,relaxed,FAM50A,chr10,1210255424,1210256480
OG0009449,relaxed,HEATR2,chr10,852541423,852543568
OG0010885,relaxed,ZBTB40,chr10,93841591,93845350
OG0012183,relaxed,KDM8,chr10,182710932,182712132
OG0013585,relaxed,IQCK,chr10,773019170,773019956
OG0005412,relaxed,NPHP4,chr10,116620052,116624363
OG0005544,relaxed,AKR7A2,chr10,54701820,54703044
OG0006001,relaxed,GLYR1,chr10,559084616,559086710
OG0006405,relaxed,ACOT7,chr10,156041985,156043014
OG0006655,relaxed,TRRAP,chr10,819253045,819264550
OG0006840,relaxed,EXOSC10,chr10,257697951,257700711
OG0006903,relaxed,CARD11,chr10,941063109,941066595
OG0007310,relaxed,CLEC16A,chr10,653416080,653419206
OG0007338,relaxed,MMEL1,chr10,169996275,169998558
OG0007409,relaxed,UBL4B,chr10,1272536126,1272536597
OG0007483,relaxed,CFP,chr10,1135670961,1135672335
OG0007681,relaxed,ICMT,chr10,158109355,158110216
OG0008274,relaxed,CIITA,chr10,756257043,756260388
OG0008560,relaxed,TMEM8A,chr10,549627856,549630181
OG0008725,relaxed,CASZ1,chr10,242205294,242210937
OG0008731,relaxed,CLCNKB,chr10,65197506,65199597
OG0008751,relaxed,MUL1,chr10,47125013,47126072
OG0008841,relaxed,COQ7,chr10,661814596,661815259
OG0009089,relaxed,CCZ1,chr10,801592466,801593903
OG0009141,relaxed,LIN37,chr10,332720626,332721541
OG0009203,relaxed,RAB11FIP3,chr10,492000843,492003276
OG0009474,relaxed,CRAMP1L,chr10,421919097,421923036
OG0009482,relaxed,PPL,chr10,554937397,554942677
OG0009515,relaxed,HP1BP3,chr10,39938846,39940067
OG0009647,relaxed,PTCHD2,chr10,261669707,261673697
OG0009895,relaxed,C7orf26,chr10,397485836,397487009
OG0010571,relaxed,DCUN1D3,chr10,759181932,759182844
OG0010840,relaxed,NAA60,chr10,370107812,370108595
OG0010890,relaxed,LEPRE1,chr10,44019032,44021369
OG0011134,relaxed,NDUFB11,chr10,1172632933,1172633377
OG0011182,relaxed,DRG2,chr10,1007305157,1007306252
OG0011215,relaxed,RADIL,chr10,959725193,959728637
OG0011219,relaxed,BRAT1,chr10,936755317,936757867
OG0011242,relaxed,PARN,chr10,633783775,633785692
OG0011243,relaxed,TXNDC11,chr10,640588529,640591136
OG0011329,relaxed,ASB8,chr10,484537803,484538676
OG0011334,relaxed,TMCO4,chr10,51835336,51836035
OG0011690,relaxed,NLRC3,chr10,508808132,508809488
OG0011692,relaxed,C8orf33,chr10,475650592,475651855
OG0011698,relaxed,TELO2,chr10,417177291,417179532
OG0012146,relaxed,DFFB,chr10,136476285,136477278
OG0012149,relaxed,NTPCR,chr10,987408073,987408790
OG0012227,relaxed,NTHL1,chr10,1077477139,1077478075
OG0012297,relaxed,CORT,chr10,255857903,255858209
OG0012300,relaxed,CTNNBIP1,chr10,234965588,234965834
OG0012319,relaxed,TNFRSF4,chr10,206360194,206361151
OG0012546,relaxed,NA,chr10,478504858,478508242
OG0012707,relaxed,MIIP,chr10,273158193,273159702
OG0012781,relaxed,C16orf89,chr10,492894212,492895205
OG0013257,relaxed,TSR3,chr10,869624981,869625995
OG0013380,relaxed,REXO5,chr10,759833500,759835897
OG0013505,relaxed,EME2,chr10,434047775,434049776
OG0007570,relaxed,CNTRL,chr11,240358622,240365768
OG0008543,relaxed,POMT1,chr11,77734910,77736782
OG0008655,relaxed,C9orf114,chr11,57698321,57699170
OG0009388,relaxed,FNTA,chr11,967895162,967895960
OG0013069,relaxed,PRODH2,chr11,549235455,549236958
OG0005043,relaxed,NR6A1,chr11,277054592,277056077
OG0005819,relaxed,INPP5E,chr11,216408761,216410420
OG0006441,relaxed,HSPA5,chr11,286535948,286537910
OG0006474,relaxed,SNAPC4,chr11,218862484,218867707
OG0006690,relaxed,CDCA3,chr11,685902038,685903454
OG0006877,relaxed,BRINP1,chr11,125582026,125584315
OG0007489,relaxed,RIMKLA,chr11,716173540,716174533
OG0008461,relaxed,Pole3,chr11,419649965,419650400
OG0008539,relaxed,TMEM8C,chr11,176760555,176761218
OG0008542,relaxed,C9orf117,chr11,29264060,29264915
OG0008784,relaxed,TRUB2,chr11,352336609,352337569
OG0009264,relaxed,TTC5,chr11,486117239,486118547
OG0009808,relaxed,BCKDK,chr11,595368049,595369252
OG0010006,relaxed,PSMD5,chr11,236498810,236500337
OG0010012,relaxed,SLC31A2,chr11,156984348,156984867
OG0010313,relaxed,SWI5,chr11,32790286,32790502
OG0010601,relaxed,CD4,chr11,683530046,683531543
OG0010602,relaxed,LEPREL2,chr11,685060282,685062727
OG0011301,relaxed,ZER1,chr11,41247046,41249305
OG0011755,relaxed,SLX1A,chr11,573214947,573215817
OG0011761,relaxed,PARP2,chr11,509972177,509974283
OG0011792,relaxed,EIF3L,chr11,687892962,687894651
OG0012155,relaxed,TRIM32,chr11,137259586,137261527
OG0012165,relaxed,SCAI,chr11,284565770,284567528
OG0012557,relaxed,TAPBPL,chr11,664375913,664377533
OG0012766,relaxed,ZBTB34,chr11,305725793,305727557
OG0012782,relaxed,C12orf57,chr11,691370932,691371328
OG0013213,relaxed,C14orf159,chr11,847759413,847761288
OG0014727,relaxed,NA,chr11,183168852,183169107
OG0010132,relaxed,LRRC7,chr12,391162495,391167025
OG0010339,relaxed,DPH5,chr12,739896316,739897186
OG0005792,relaxed,PRRC2C,chr12,1095874064,1095884477
OG0006088,relaxed,CEP350,chr12,807896820,807902337
OG0006550,relaxed,CTH,chr12,399355848,399357060
OG0007796,relaxed,EHF,chr12,996686023,996686611
OG0007867,relaxed,ZBTB37,chr12,1143152676,1143154209
OG0008127,relaxed,DNA2,chr12,1150359034,1150362157
OG0008363,relaxed,DHCR24,chr12,303580106,303581657
OG0008371,relaxed,GORAB,chr12,1074632139,1074633228
OG0008420,relaxed,CPT2,chr12,286602450,286604451
OG0008423,relaxed,FAF1,chr12,247218165,247220016
OG0008627,relaxed,CDC20,chr12,9560060,9561209
OG0008628,relaxed,MTF2,chr12,512435287,512436862
OG0008765,relaxed,SSB,chr12,795293166,795294381
OG0008936,relaxed,SCYL3,chr12,1071677719,1071679909
OG0008997,relaxed,LPAR3,chr12,527044361,527045495
OG0009403,relaxed,RPL4,chr12,662453426,662454260
OG0009753,relaxed,CDKN2C,chr12,251299477,251299987
OG0009777,relaxed,DMAP1,chr12,152876964,152877960
OG0010138,relaxed,ALG6,chr12,359582708,359584289
OG0010505,relaxed,TMEM59,chr12,296237356,296238406
OG0010630,relaxed,SF1,chr12,1164162388,1164164674
OG0010650,relaxed,EBNA1BP2,chr12,17006503,17007430
OG0011391,relaxed,TTC22,chr12,302578346,302580098
OG0011560,relaxed,IVD,chr12,655525473,655526748
OG0011768,relaxed,PIGK,chr12,605291059,605292244
OG0011797,relaxed,MTRF1L,chr12,617607057,617608215
OG0012424,relaxed,RTCA,chr12,745689150,745690269
OG0012595,relaxed,SCP2,chr12,284321142,284322771
OG0012984,relaxed,LRRC40,chr12,391985054,391986851
OG0013137,relaxed,NA,chr12,738648376,738649312
OG0013288,relaxed,CDCP2,chr12,296961004,296962444
OG0013680,relaxed,NA,chr12,312713905,312714718
OG0013808,relaxed,METTL12,chr12,1193376799,1193377267
OG0008519,relaxed,KAT6A,chr13,315935763,315941349
OG0008845,relaxed,STX8,chr13,1011535100,1011535544
OG0011418,relaxed,ACOX1,chr13,964676084,964678142
OG0012231,relaxed,MYCBPAP,chr13,930444469,930447334
OG0005305,relaxed,DOT1L,chr13,681026923,681032218
OG0005959,relaxed,FOXJ1,chr13,966607667,966609014
OG0006253,relaxed,DNAI2,chr13,808893724,808895611
OG0006614,relaxed,RPL36,chr13,588608054,588608513
OG0007105,relaxed,TMEM259,chr13,267106290,267108462
OG0007499,relaxed,ITGB4,chr13,958644959,958650272
OG0007764,relaxed,CCDC40,chr13,772177759,772180993
OG0007811,relaxed,SNRPG,chr13,66819002,66819248
OG0007837,relaxed,YKT6,chr13,76423353,76423929
OG0007849,relaxed,PCYOX1,chr13,67084745,67085732
OG0007904,relaxed,TMEM260,chr13,870015132,870017283
OG0008354,relaxed,POLB,chr13,304241569,304242574
OG0008982,relaxed,LONP1,chr13,589994214,589997010
OG0008987,relaxed,HMG20B,chr13,640648825,640649773
OG0009003,relaxed,TMEM59L,chr13,523196172,523197189
OG0009642,relaxed,ELMOD3,chr13,74312431,74313685
OG0009646,relaxed,KANSL3,chr13,18506918,18510365
OG0009773,relaxed,NFIC,chr13,644468394,644469714
OG0009824,relaxed,ANKLE1,chr13,164427930,164432154
OG0009975,relaxed,ARMC6,chr13,404151752,404153048
OG0009977,relaxed,NDUFV2,chr13,1031646663,1031647401
OG0010335,relaxed,TIMM13,chr13,586420151,586420445
OG0010347,relaxed,SGTA,chr13,299545277,299546234
OG0010407,relaxed,FDXR,chr13,937676634,937677693
OG0010416,relaxed,COX11,chr13,908210131,908210860
OG0010439,relaxed,WDR45B,chr13,1034084144,1034085164
OG0010815,relaxed,CCDC137,chr13,805897451,805898285
OG0011153,relaxed,RSAD1,chr13,931753948,931755286
OG0011255,relaxed,EEF1E1,chr13,275071104,275071629
OG0011497,relaxed,DDHD2,chr13,178725973,178728172
OG0012152,relaxed,CCDC124,chr13,159630821,159631487
OG0012421,relaxed,TK1,chr13,735601692,735602397
OG0012432,relaxed,DDX49,chr13,418466079,418467552
OG0012482,relaxed,MRPL27,chr13,933347821,933348271
OG0012613,relaxed,GBF1,chr13,431300859,431306457
OG0014646,relaxed,NA,chr13,493883394,493883790
OG0011903,relaxed,EPHA10,chr14,93915059,93917489
OG0009848,relaxed,WASF2,chr14,232657576,232659043
OG0011577,relaxed,RLF,chr14,140130242,140135354
OG0013760,relaxed,PDCD7,chr14,916961463,916965453
OG0006227,relaxed,STRC,chr14,821356611,821362386
OG0006723,relaxed,MPHOSPH10,chr14,694734170,694736222
OG0006905,relaxed,CDCA8,chr14,89915818,89916658
OG0007268,relaxed,TP53BP1,chr14,817742375,817750292
OG0007459,relaxed,FGF7,chr14,771864329,771864923
OG0007791,relaxed,HMG20A,chr14,581668665,581669676
OG0007798,relaxed,RCCD1,chr14,829964645,829965947
OG0007856,relaxed,FBXO22,chr14,515859284,515860490
OG0007915,relaxed,NIPAL3,chr14,125658571,125659795
OG0008207,relaxed,AIM1L,chr14,198071415,198075114
OG0008498,relaxed,YARS,chr14,17813394,17814987
OG0008886,relaxed,TBC1D2B,chr14,500119208,500122031
OG0008971,relaxed,FES,chr14,828739490,828741962
OG0009224,relaxed,RSPO1,chr14,88797939,88798596
OG0009232,relaxed,SMPDL3B,chr14,327592920,327594156
OG0009367,relaxed,TIPIN,chr14,933338944,933340534
OG0009405,relaxed,VWA9,chr14,939217533,939218865
OG0009584,relaxed,LYSMD4,chr14,903060533,903061394
OG0010199,relaxed,EYA3,chr14,146418549,146421045
OG0010236,relaxed,COPS2,chr14,769530203,769531535
OG0010324,relaxed,SENP8,chr14,627199604,627200231
OG0010329,relaxed,SNRPA1,chr14,912277021,912277789
OG0010356,relaxed,LUZP1,chr14,143591444,143594744
OG0011173,relaxed,SMIM12,chr14,53677399,53677849
OG0011428,relaxed,NUDC,chr14,240952025,240953078
OG0011430,relaxed,SMAP2,chr14,43592770,43594024
OG0011583,relaxed,GALE,chr14,1426477,1427653
OG0011710,relaxed,SCMH1,chr14,322890165,322892232
OG0011836,relaxed,C15orf43,chr14,650836459,650837317
OG0012008,relaxed,ZNF592,chr14,672638963,672642503
OG0012125,relaxed,LRRC49,chr14,681912308,681914624
OG0012665,relaxed,BlimpNA1,chr14,198862597,198863962
OG0012731,relaxed,HDC,chr14,788760371,788762426
OG0012922,relaxed,EIF3F,chr14,824362392,824363292
OG0013011,relaxed,AP4E1,chr14,745204196,745207631
OG0009972,relaxed,MIB1,chr15,27678155,27680969
OG0005976,relaxed,TACC2,chr15,711160794,711170766
OG0009071,relaxed,POLR3A,chr15,247263366,247267539
OG0009754,relaxed,DNTTIP2,chr15,633938230,633940492
OG0010440,relaxed,NRBF2,chr15,27390733,27391645
OG0006715,relaxed,KNDC1,chr15,521666314,521671372
OG0007327,relaxed,ADD3,chr15,823327808,823329956
OG0007597,relaxed,ZFYVE27,chr15,455113432,455114659
OG0007598,relaxed,R3HCC1L,chr15,466534801,466537432
OG0008106,relaxed,PSAP,chr15,182217489,182219259
OG0009011,relaxed,SMNDC1,chr15,820932814,820933552
OG0009019,relaxed,CDK1,chr15,650593110,650593770
OG0009093,relaxed,TUBGCP2,chr15,219561371,219564044
OG0009348,relaxed,BLNK,chr15,690980418,690982149
OG0009600,relaxed,HMX2,chr15,892537169,892537937
OG0010360,relaxed,FAM149B1,chr15,88422661,88424458
OG0010442,relaxed,A1CF,chr15,107470085,107471867
OG0010711,relaxed,ERCC6,chr15,207495830,207501254
OG0010712,relaxed,HIF1AN,chr15,144525355,144526411
OG0010731,relaxed,TM9SF3,chr15,60023988,60025743
OG0011233,relaxed,TAF5,chr15,868644637,868646875
OG0011604,relaxed,ZNF518A,chr15,690441656,690445988
OG0011611,relaxed,ANKRD22,chr15,192268399,192268975
OG0011804,relaxed,SUFU,chr15,375135560,375136991
OG0011811,relaxed,PCGF6,chr15,868704599,868705490
OG0011816,relaxed,INPP5F,chr15,724314317,724317815
OG0011822,relaxed,IDE,chr15,677466276,677467803
OG0012006,relaxed,HPS6,chr15,408423053,408425555
OG0012481,relaxed,DYDC2,chr15,273407985,273408558
OG0012877,relaxed,CUTC,chr15,486341980,486342730
OG0013051,relaxed,METTL10,chr15,903812450,903813137
OG0013473,relaxed,ASCC1,chr15,67456672,67457674
OG0010049,relaxed,MPP1,chr16,419572047,419573340
OG0006973,relaxed,WIPF3,chr16,538645351,538646917
OG0007771,relaxed,PHF14,chr16,552014057,552017006
OG0013586,relaxed,NA,chr16,131148981,131150583
OG0006347,relaxed,NA,chr16,152733757,152734243
OG0008071,relaxed,GJC1,chr16,105174856,105176101
OG0008607,relaxed,FAM188A,chr16,724685826,724687149
OG0008638,relaxed,PITRM1,chr16,210779683,210782782
OG0009078,relaxed,MAP3K8,chr16,264862015,264863419
OG0009108,relaxed,VAMP7,chr16,426727815,426728532
OG0009564,relaxed,RPP38,chr16,716273453,716274341
OG0009842,relaxed,CASD1,chr16,610126533,610129329
OG0009843,relaxed,EFCAB1,chr16,672919861,672920521
OG0009850,relaxed,GATAD1,chr16,677770448,677771282
OG0010056,relaxed,EXOSC7,chr16,404814486,404815362
OG0010596,relaxed,PLEKHA8,chr16,538131820,538133413
OG0010613,relaxed,IBA57,chr16,105131575,105132595
OG0011160,relaxed,KLHL7,chr16,407234035,407235967
OG0011253,relaxed,TOPBP1,chr16,446673368,446677946
OG0011427,relaxed,CCDC126,chr16,409062344,409062764
OG0011735,relaxed,WNT9A,chr16,99791745,99792954
OG0011927,relaxed,EOGT,chr16,523234637,523236221
OG0012594,relaxed,RNF32,chr16,171308705,171309872
OG0012596,relaxed,FASTK,chr16,12327330,12329766
OG0012894,relaxed,HAUS4,chr16,707816660,707817803
OG0011941,relaxed,MCM2,chr17,627407221,627409828
OG0009519,relaxed,IL17RD,chr17,731308816,731311105
OG0011940,relaxed,ARHGEF3,chr17,729972100,729973780
OG0012862,relaxed,IFT122,chr17,582939038,582942608
OG0006767,relaxed,ACY1,chr17,145192337,145193600
OG0006770,relaxed,SLC25A26,chr17,773853104,773854001
OG0008225,relaxed,THOC7,chr17,742233741,742234374
OG0008227,relaxed,NEK4,chr17,399241941,399244239
OG0008276,relaxed,SMIM4,chr17,408038509,408038740
OG0008413,relaxed,CNTD2,chr17,4984672,4985164
OG0009498,relaxed,BAP1,chr17,369562684,369564925
OG0009499,relaxed,TRAIP,chr17,199104545,199105907
OG0009505,relaxed,PSMD6,chr17,741465510,741466680
OG0009518,relaxed,TERF2IP,chr17,220614928,220615876
OG0009520,relaxed,SLMAP,chr17,725394530,725397011
OG0009521,relaxed,MKRN2,chr17,380305146,380306427
OG0009522,relaxed,PDHB,chr17,771210378,771211461
OG0009524,relaxed,IPPK,chr17,799858317,799859793
OG0009659,relaxed,BRPF1,chr17,467207883,467211621
OG0009760,relaxed,ARIH2,chr17,522258971,522260414
OG0009816,relaxed,NCCRP1,chr17,81769426,81770122
OG0010077,relaxed,USP19,chr17,497783717,497788034
OG0010110,relaxed,TATDN2,chr17,587726851,587728606
OG0010480,relaxed,ZC3H4,chr17,97963155,97967115
OG0010790,relaxed,FOSB,chr17,297378560,297379559
OG0011281,relaxed,SIRT2,chr17,241586022,241587279
OG0011945,relaxed,PHF2,chr17,693938804,693942785
OG0012150,relaxed,ABTB1,chr17,560025074,560026508
OG0012318,relaxed,CRBN,chr17,657478764,657480150
OG0013482,relaxed,NA,chr17,12117401,12119315
OG0013566,relaxed,RPP14,chr17,772057358,772057754
OG0008412,relaxed,DNER,chr18,574642305,574644153
OG0008087,relaxed,KLHL6,chr18,664765312,664766914
OG0009274,relaxed,SEC62,chr18,330190392,330191646
OG0006427,relaxed,SERPINI1,chr18,347545875,347547105
OG0006870,relaxed,TRIP12,chr18,568048552,568054753
OG0006951,relaxed,GIGYF2,chr18,682511547,682515582
OG0006956,relaxed,MRPS22,chr18,615060923,615061925
OG0007156,relaxed,RHBDD1,chr18,578719868,578720810
OG0007717,relaxed,PDE6D,chr18,234982602,234983136
OG0008768,relaxed,UAP1,chr18,77931283,77932846
OG0008790,relaxed,MFI2,chr18,71469677,71471648
OG0009116,relaxed,CHRD,chr18,150473490,150476637
OG0009236,relaxed,FAM168B,chr18,662387145,662387733
OG0009278,relaxed,CCDC39,chr18,57182337,57185172
OG0009965,relaxed,UBXN7,chr18,717250897,717252424
OG0009970,relaxed,SFT2D3,chr18,670542727,670543387
OG0009989,relaxed,SPTSSB,chr18,394676536,394676788
OG0010135,relaxed,USP13,chr18,62289012,62291298
OG0010612,relaxed,EIF2B5,chr18,120247092,120250641
OG0010652,relaxed,SKIL,chr18,325575594,325577598
OG0010656,relaxed,ATP6V1H,chr18,612865501,612866944
OG0011102,relaxed,LEKR1,chr18,433248440,433250894
OG0011388,relaxed,SLCO2A1,chr18,734715239,734717066
OG0011618,relaxed,LSM11,chr18,18481579,18482626
OG0012237,relaxed,LRRC34,chr18,332776868,332778092
OG0012592,relaxed,D2HGDH,chr18,715425863,715427534
OG0012643,relaxed,EIF2A,chr18,479221275,479223048
OG0012953,relaxed,TRIM59,chr18,402685938,402687246
OG0013344,relaxed,ARHGEF26,chr18,456617324,456619976
OG0013508,relaxed,LARS2,chr18,573069640,573072304
OG0014188,relaxed,NA,chr18,215551945,215553004
OG0007033,relaxed,WIPF1,chr19,707203853,707205680
OG0009173,relaxed,GPR1,chr19,576135488,576136631
OG0009190,relaxed,PIKFYVE,chr19,596714192,596720576
OG0009528,relaxed,IPO9,chr19,461490787,461493907
OG0010509,relaxed,BARD1,chr19,612946163,612948560
OG0012216,relaxed,FASTKD2,chr19,587723748,587725899
OG0013496,relaxed,RAB3GAP1,chr19,248664182,248667149
OG0006138,relaxed,DPY19L2,chr19,224113636,224115379
OG0007182,relaxed,DLX1,chr19,668603046,668603766
OG0007997,relaxed,CERKL,chr19,791200770,791202099
OG0008023,relaxed,USP37,chr19,85317418,85320289
OG0008026,relaxed,MAP3K13,chr19,497781391,497784253
OG0008220,relaxed,ZRANB3,chr19,247688395,247691788
OG0008764,relaxed,PPIG,chr19,675086608,675089470
OG0009147,relaxed,HIBCH,chr19,539680180,539681383
OG0009156,relaxed,UBXN4,chr19,284875301,284876891
OG0009163,relaxed,TBCCD1,chr19,492210131,492211805
OG0009175,relaxed,DDX18,chr19,274840723,274842460
OG0009179,relaxed,ZNF148,chr19,227632668,227635053
OG0009372,relaxed,TUBGCP4,chr19,319790439,319792446
OG0010178,relaxed,IQCB1,chr19,191210684,191212547
OG0010531,relaxed,HOXD10,chr19,731925104,731926124
OG0010533,relaxed,EVX2,chr19,716811044,716812235
OG0010541,relaxed,MCM3AP,chr19,756715424,756722957
OG0010543,relaxed,KLHL23,chr19,675689252,675690956
OG0010871,relaxed,MGAT5,chr19,254586158,254588387
OG0011002,relaxed,IKZF2,chr19,608408212,608409739
OG0011424,relaxed,CYP27C1,chr19,152366994,152368668
OG0011663,relaxed,DIRC2,chr19,207125517,207126900
OG0011669,relaxed,ATF2,chr19,709546498,709548046
OG0012518,relaxed,EHHADH,chr19,498343252,498345442
OG0012531,relaxed,NOSTRIN,chr19,653851053,653852688
OG0012533,relaxed,TMEM37,chr19,240132671,240133274
OG0012537,relaxed,ARPC2,chr19,91605366,91606269
OG0012687,relaxed,FTCD,chr19,761261045,761262299
OG0006106,relaxed,Znf704,chr2,702420170,702421460
OG0008160,relaxed,GPC3,chr2,2930515446,2930517081
OG0008600,relaxed,KIAA1429,chr2,599617191,599622750
OG0006452,relaxed,EDA,chr2,3370502627,3370503674
OG0007057,relaxed,TERT,chr2,2001620433,2001624207
OG0011317,relaxed,BOP1,chr2,3421076060,3421078364
OG0012259,relaxed,ZNF236,chr2,1391222667,1391228421
OG0012550,relaxed,TAF2,chr2,459707632,459711334
OG0006297,relaxed,CEP192,chr2,1204447394,1204454630
OG0006494,relaxed,TNFRSF11A,chr2,1721534419,1721536390
OG0006508,relaxed,KCNQ3,chr2,166601744,166604345
OG0006900,relaxed,DCLK3,chr2,2505484374,2505486834
OG0007196,relaxed,DDC,chr2,2288752158,2288753616
OG0007242,relaxed,GOLGA4,chr2,2497283508,2497290264
OG0007635,relaxed,TGS1,chr2,920824137,920827641
OG0007670,relaxed,KIF4A,chr2,3386830848,3386833665
OG0007958,relaxed,OGT,chr2,205407247,205410487
OG0007959,relaxed,FRMPD3,chr2,2631140601,2631145707
OG0008039,relaxed,RB1CC1,chr2,954543104,954547835
OG0008046,relaxed,TSNARE1,chr2,45903174,45904056
OG0008069,relaxed,ZFAT,chr2,131585434,131589214
OG0008585,relaxed,CPA6,chr2,811018483,811019797
OG0008592,relaxed,MTRR,chr2,2036027055,2036029383
OG0009100,relaxed,SYTL4,chr2,2796952013,2796954140
OG0009208,relaxed,IRX2,chr2,1851614327,1851615770
OG0009214,relaxed,ALDH5A1,chr2,1122634117,1122635620
OG0009221,relaxed,EBAG9,chr2,464601061,464601694
OG0009279,relaxed,AMPH,chr2,2432601768,2432603853
OG0009394,relaxed,ATP1B4,chr2,3129608719,3129609802
OG0009886,relaxed,MFSD3,chr2,3526360517,3526361735
OG0009937,relaxed,PXDC1,chr2,2196157883,2196158579
OG0009994,relaxed,C7orf25,chr2,2399573049,2399574633
OG0010048,relaxed,CCT6A,chr2,3031073375,3031074905
OG0010185,relaxed,SDHA,chr2,200878312,200880304
OG0010193,relaxed,FAM91A1,chr2,351888801,351891336
OG0010457,relaxed,RLIM,chr2,3270117725,3270120188
OG0010567,relaxed,ESCO1,chr2,1139266604,1139270141
OG0010660,relaxed,FAM173B,chr2,2054994757,2054995453
OG0010990,relaxed,OPHN1,chr2,3334267275,3334269783
OG0011158,relaxed,RECQL4,chr2,101316458,101321246
OG0011165,relaxed,ACOT13,chr2,1663277159,1663277588
OG0011187,relaxed,UTP23,chr2,440480088,440480844
OG0011273,relaxed,IMPAD1,chr2,905149435,905150488
OG0011287,relaxed,MBP,chr2,1392616481,1392617441
OG0011619,relaxed,ABCB7,chr2,3263855020,3263857177
OG0011713,relaxed,CEP76,chr2,1198564779,1198566765
OG0011736,relaxed,WRNIP1,chr2,2165387869,2165389537
OG0011996,relaxed,MAPRE2,chr2,998063042,998064029
OG0012188,relaxed,SAMD12,chr2,451318622,451319111
OG0012354,relaxed,OTUD6B,chr2,631706469,631707357
OG0012413,relaxed,ACD,chr2,2191708333,2191710190
OG0012564,relaxed,DSCC1,chr2,24584596,24585625
OG0012816,relaxed,POLR2K,chr2,555370393,555370576
OG0013139,relaxed,METTL4,chr2,1177000495,1177001731
OG0013236,relaxed,NA,chr2,2261960622,2261961594
OG0013393,relaxed,ADHFE1,chr2,841521059,841522457
OG0013480,relaxed,COMMD5,chr2,3110205543,3110206203
OG0013550,relaxed,ZNF330,chr2,638943537,638944506
OG0011489,relaxed,USP25,chr3,2841968382,2841971739
OG0007891,relaxed,KDM1A,chr3,339733200,339735639
OG0007298,relaxed,SWT1,chr3,2583490261,2583492826
OG0007652,relaxed,PWWP2A,chr3,35733544,35739556
OG0008767,relaxed,PCDH9,chr3,1645002280,1645005394
OG0008789,relaxed,TBC1D23,chr3,2103251516,2103253502
OG0009162,relaxed,SYTL5,chr3,2680286320,2680288564
OG0010035,relaxed,KIF20A,chr3,387667345,387669805
OG0010521,relaxed,MAATS1,chr3,62862593,62864771
OG0010555,relaxed,DCBLD2,chr3,2181510188,2181511802
OG0011640,relaxed,TXNDC17,chr3,232472303,232472960
OG0012221,relaxed,TMCO3,chr3,2210914699,2210916787
OG0013493,relaxed,NEK5,chr3,1289690371,1289692918
OG0006594,relaxed,ROBO2,chr3,2824439394,2824444080
OG0006667,relaxed,TSKU,chr3,895816879,895817968
OG0006927,relaxed,BORA,chr3,1692484919,1692486734
OG0006961,relaxed,IRF1,chr3,608295382,608296534
OG0007504,relaxed,GSX1,chr3,1218796915,1218797641
OG0007590,relaxed,BCL9,chr3,3061478500,3061482931
OG0007606,relaxed,NDUFB4,chr3,68375755,68376208
OG0007653,relaxed,LCP2,chr3,252367405,252368908
OG0007716,relaxed,ZBTB11,chr3,2028575125,2028578842
OG0007819,relaxed,THSD1,chr3,2333225369,2333227970
OG0007823,relaxed,C11orf30,chr3,889429866,889433991
OG0007912,relaxed,NDC80,chr3,78149369,78151139
OG0007968,relaxed,CWF19L2,chr3,1121734455,1121737143
OG0007985,relaxed,NPAT,chr3,1129687127,1129691282
OG0008013,relaxed,PPP2R3B,chr3,2577366468,2577368220
OG0008294,relaxed,OCA2,chr3,2599347651,2599350021
OG0008567,relaxed,NFKBIZ,chr3,3206389384,3206391307
OG0008588,relaxed,KIAA2018,chr3,3136295499,3136302909
OG0008791,relaxed,NME7,chr3,2744821769,2744822900
OG0008902,relaxed,N4BP3,chr3,392147153,392148995
OG0009137,relaxed,SACS,chr3,1248271729,1248285208
OG0009142,relaxed,BRCA2,chr3,2257020905,2257032971
OG0009150,relaxed,SERPINE3,chr3,1284807936,1284809121
OG0009165,relaxed,DNAJC28,chr3,2966952284,2966953394
OG0009167,relaxed,GABPA,chr3,2900355781,2900356861
OG0009183,relaxed,GDAP2,chr3,97259129,97260620
OG0009186,relaxed,DOPEY2,chr3,2995502882,2995509773
OG0009187,relaxed,ATP5O,chr3,2977034565,2977035201
OG0009428,relaxed,SLC35A1,chr3,66949039,66949921
OG0009580,relaxed,ALOX5AP,chr3,2273265555,2273266041
OG0009779,relaxed,TAB3,chr3,2031207046,2031209161
OG0009905,relaxed,GJA8,chr3,3062929356,3062930871
OG0009908,relaxed,MZT1,chr3,1691522522,1691522849
OG0009918,relaxed,PTCHD1,chr3,1848812213,1848814958
OG0009949,relaxed,RUNDC3B,chr3,1199581155,1199581443
OG0009993,relaxed,ATG5,chr3,2104723342,2104724077
OG0010021,relaxed,KDELC2,chr3,1135152106,1135153651
OG0010022,relaxed,NDUFA2,chr3,174704071,174704359
OG0010023,relaxed,TXNDC15,chr3,295745691,295746804
OG0010031,relaxed,WDR73,chr3,847794021,847795200
OG0010131,relaxed,WWC3,chr3,1959023982,1959027516
OG0010249,relaxed,ANXA6,chr3,49775317,49776493
OG0010250,relaxed,TNIP1,chr3,50996539,50998495
OG0010251,relaxed,DCTN4,chr3,53204935,53206663
OG0010285,relaxed,C2CD2,chr3,3050149854,3050151936
OG0010293,relaxed,ACER3,chr3,897272111,897272810
OG0010522,relaxed,PIGA,chr3,2147397394,2147398831
OG0010528,relaxed,VGLL3,chr3,2765188655,2765189216
OG0010530,relaxed,EPSTI1,chr3,1271043194,1271044214
OG0010546,relaxed,C2orf49,chr3,2489790043,2489790730
OG0010872,relaxed,ACE2,chr3,1728712336,1728714685
OG0010878,relaxed,ATP6AP2,chr3,2698722156,2698723248
OG0010956,relaxed,RELL2,chr3,156282548,156283622
OG0011223,relaxed,MRPL39,chr3,2896535838,2896536819
OG0011230,relaxed,EED,chr3,969168865,969170482
OG0011293,relaxed,C5orf15,chr3,641778676,641779489
OG0011303,relaxed,IK,chr3,174554164,174555919
OG0011361,relaxed,TUBGCP5,chr3,2587042833,2587045884
OG0011636,relaxed,PDGFD,chr3,1102070706,1102071810
OG0011950,relaxed,RUFY1,chr3,635275390,635277229
OG0012015,relaxed,PROB1,chr3,647872513,647876302
OG0012217,relaxed,ERCC5,chr3,1377437094,1377440565
OG0012284,relaxed,SMS,chr3,1833846867,1833847275
OG0012539,relaxed,CLYBL,chr3,1349730189,1349731215
OG0012681,relaxed,PIR,chr3,2149041728,2149042751
OG0012806,relaxed,GRXCR2,chr3,532843066,532843813
OG0012974,relaxed,NIPA1,chr3,2591848272,2591849208
OG0013021,relaxed,DSCR3,chr3,3010195274,3010196168
OG0013044,relaxed,NUFIP1,chr3,1177016148,1177017765
OG0013091,relaxed,TEX26,chr3,2272014641,2272015817
OG0013135,relaxed,MRPL15,chr3,350808886,350809777
OG0013716,relaxed,TMPRSS7,chr3,2761152026,2761154090
OG0014007,relaxed,EBPL,chr3,2303987701,2303988325
OG0012339,relaxed,FOXP2,chr4,2499777904,2499779884
OG0009297,relaxed,PDE10A,chr4,1105980588,1105982733
OG0009688,relaxed,ELP3,chr4,2861122741,2861124127
OG0010369,relaxed,APOB,chr4,2718725699,2718739562
OG0011801,relaxed,DLK2,chr4,266605879,266607082
OG0012471,relaxed,NA,chr4,297144851,297145664
OG0012495,relaxed,PEMT,chr4,2748105838,2748106492
OG0013335,relaxed,PNPT1,chr4,982143662,982145975
OG0006066,relaxed,CRNKL1,chr4,943864973,943867082
OG0006067,relaxed,PLG,chr4,1950619402,1950621799
OG0006533,relaxed,HBS1L,chr4,1980172047,1980173886
OG0006637,relaxed,EHBP1,chr4,838809997,838813744
OG0006709,relaxed,BFSP1,chr4,709917829,709919809
OG0006953,relaxed,YEATS2,chr4,2963857027,2963861335
OG0007433,relaxed,ESCO2,chr4,2890079169,2890081194
OG0007435,relaxed,TDRD15,chr4,2717592960,2717599206
OG0007438,relaxed,RFX6,chr4,2555100690,2555103504
OG0007440,relaxed,AKAP12,chr4,886994864,887002052
OG0007636,relaxed,DOPEY1,chr4,2165553536,2165560472
OG0007680,relaxed,RCC2,chr4,2131284962,2131286645
OG0007844,relaxed,FNDC1,chr4,2023841162,2023847477
OG0007902,relaxed,ASXL2,chr4,2918586586,2918590828
OG0007903,relaxed,RAB10,chr4,2916383290,2916383908
OG0007917,relaxed,CLN8,chr4,1278368095,1278368965
OG0007918,relaxed,ARHGEF10,chr4,1276222321,1276226338
OG0007934,relaxed,GLTSCR1L,chr4,568454524,568457641
OG0008100,relaxed,KLHDC3,chr4,189465404,189466613
OG0008193,relaxed,NT5DC1,chr4,2610740121,2610741489
OG0008198,relaxed,MIA3,chr4,466563220,466570477
OG0008221,relaxed,CSRP2BP,chr4,2086653514,2086655635
OG0008330,relaxed,RARS2,chr4,2281912859,2281914581
OG0008356,relaxed,TRMT6,chr4,796163029,796164469
OG0008357,relaxed,GZF1,chr4,803343270,803345376
OG0008389,relaxed,MEMO1,chr4,1849582696,1849583200
OG0008577,relaxed,SPAST,chr4,1672001861,1672003682
OG0008721,relaxed,FBXO25,chr4,1286562826,1286564068
OG0009024,relaxed,ZFYVE19,chr4,1145666506,1145667772
OG0009042,relaxed,TMEM206,chr4,538816017,538817253
OG0009049,relaxed,CENPO,chr4,2869892831,2869893731
OG0009067,relaxed,RAB3GAP2,chr4,452635807,452639923
OG0009345,relaxed,COG2,chr4,1061618539,1061620765
OG0009430,relaxed,EFHC1,chr4,2827835995,2827837831
OG0009431,relaxed,GPATCH2,chr4,498997348,498998908
OG0009441,relaxed,MYCN,chr4,2671078259,2671079528
OG0009443,relaxed,OSTM1,chr4,2464671429,2464672023
OG0009667,relaxed,SRP9,chr4,429526798,429527059
OG0009693,relaxed,GOPC,chr4,2548097788,2548099123
OG0009701,relaxed,SEL1L,chr4,2173226571,2173228224
OG0009713,relaxed,TASP1,chr4,737442502,737443780
OG0010299,relaxed,BPNT1,chr4,450051344,450052352
OG0010303,relaxed,TCTE1,chr4,234903746,234905117
OG0010355,relaxed,DTD1,chr4,2083835769,2083836324
OG0010361,relaxed,KIF26B,chr4,1047931530,1047937746
OG0010368,relaxed,SH3YL1,chr4,1198458947,1198460072
OG0010372,relaxed,COQ6,chr4,1005244249,1005245629
OG0010389,relaxed,MOCS1,chr4,320539934,320541932
OG0010581,relaxed,TTK,chr4,2188674793,2188676431
OG0010628,relaxed,VBP1,chr4,2312488787,2312489330
OG0010684,relaxed,MAD2L1BP,chr4,245029125,245030076
OG0010691,relaxed,MLIP,chr4,1337198396,1337200904
OG0010699,relaxed,MEA1,chr4,195337493,195338084
OG0010700,relaxed,YIPF3,chr4,264281621,264282677
OG0010701,relaxed,CAMKMT,chr4,612002460,612003396
OG0010715,relaxed,SLC17A5,chr4,1499373152,1499374664
OG0010801,relaxed,DSE,chr4,2612003917,2612006800
OG0010818,relaxed,DDX1,chr4,2666318546,2666320730
OG0010819,relaxed,NR2E1,chr4,2463380504,2463381665
OG0010820,relaxed,FAM84A,chr4,2661222232,2661223213
OG0010958,relaxed,PRDM13,chr4,2286961732,2286963574
OG0010987,relaxed,OPN5,chr4,2752902876,2752904004
OG0011067,relaxed,GPCPD1,chr4,801358310,801360491
OG0011080,relaxed,LIN9,chr4,2746116724,2746118302
OG0011111,relaxed,BLVRB,chr4,246499399,246500029
OG0011237,relaxed,TAF5L,chr4,1511383129,1511385043
OG0011305,relaxed,ZMAT2,chr4,278702425,278703025
OG0011327,relaxed,TBPL1,chr4,2149613618,2149614236
OG0011544,relaxed,KHK,chr4,2936563316,2936564384
OG0011569,relaxed,ZBTB24,chr4,2447176699,2447178898
OG0011570,relaxed,FUCA2,chr4,2013366918,2013368322
OG0011588,relaxed,YIPF4,chr4,1138076118,1138076934
OG0011705,relaxed,KIAA0408,chr4,2120772186,2120774022
OG0011786,relaxed,BEND3,chr4,2474716963,2474719510
OG0011813,relaxed,DDX43,chr4,1491303217,1491305209
OG0011879,relaxed,C1orf131,chr4,1680366644,1680367643
OG0011885,relaxed,HECA,chr4,933702970,933704581
OG0011889,relaxed,DISP1,chr4,471051278,471055973
OG0011891,relaxed,ZNF512,chr4,3002718098,3002719985
OG0012020,relaxed,C2orf71,chr4,282140760,282144549
OG0012103,relaxed,CCDC25,chr4,2890695216,2890695840
OG0012483,relaxed,FH,chr4,1839597973,1839599599
OG0012555,relaxed,LYPLAL1,chr4,486944604,486945321
OG0012870,relaxed,TTC32,chr4,2736387723,2736388158
OG0012878,relaxed,NVL,chr4,480400580,480403169
OG0012985,relaxed,MRPS10,chr4,560812395,560813013
OG0012986,relaxed,AGBL5,chr4,2931598856,2931601769
OG0013001,relaxed,BNIP2,chr4,279878742,279880065
OG0014063,relaxed,ECT2L,chr4,936752745,936755808
OG0014404,relaxed,NA,chr4,1111301745,1111302951
OG0014745,relaxed,DUSP18,chr4,2827668620,2827669229
OG0012159,relaxed,STIP1,chr5,2185391686,2185393456
OG0008740,relaxed,TM9SF4,chr5,2643306296,2643307334
OG0008738,relaxed,TFIP11,chr5,77748123,77749965
OG0010103,relaxed,CS,chr5,1653757300,1653758500
OG0012307,relaxed,TTLL9,chr5,2639160023,2639161331
OG0012437,relaxed,ZGPAT,chr5,2220529767,2220531348
OG0012513,relaxed,MFRP,chr5,1511307734,1511309225
OG0006075,relaxed,ARHGAP19,chr5,2153685420,2153686929
OG0006663,relaxed,KIAA0100,chr5,403151466,403158252
OG0006977,relaxed,KMT2D,chr5,1618348032,1618366521
OG0007005,relaxed,SNRPN,chr5,2500524715,2500525429
OG0007008,relaxed,CCDC65,chr5,1333205827,1333207312
OG0007158,relaxed,SORL1,chr5,1468954289,1468960847
OG0007172,relaxed,TEKT1,chr5,2594544988,2594546197
OG0007371,relaxed,TBX4,chr5,289606979,289608680
OG0007657,relaxed,NFRKB,chr5,651050185,651054100
OG0007699,relaxed,SALL4,chr5,2378936325,2378939922
OG0007767,relaxed,CCDC151,chr5,1233377138,1233378821
OG0007779,relaxed,RRP7A,chr5,798405458,798406268
OG0007979,relaxed,ACAD8,chr5,705510590,705511376
OG0008241,relaxed,BCDIN3D,chr5,607646747,607647566
OG0008460,relaxed,ZBTB44,chr5,662759954,662761802
OG0008470,relaxed,PRKRIP1,chr5,2574448119,2574448677
OG0008472,relaxed,RABEP1,chr5,232329321,232331904
OG0008572,relaxed,MAP2K7,chr5,1093019168,1093020416
OG0008741,relaxed,SNX21,chr5,2494941652,2494942900
OG0008745,relaxed,ZNF512B,chr5,2214644015,2214646094
OG0008772,relaxed,TFAP2C,chr5,2322212919,2322214365
OG0008858,relaxed,RBX1,chr5,765322760,765323171
OG0008861,relaxed,SREBF2,chr5,855201956,855205277
OG0008932,relaxed,REXO2,chr5,456097198,456097912
OG0009007,relaxed,UQCC1,chr5,14686960,14687890
OG0009128,relaxed,UBE4A,chr5,509914893,509917185
OG0009450,relaxed,MCM7,chr5,1788762018,1788764052
OG0009506,relaxed,CSE1L,chr5,2419045287,2419048317
OG0009795,relaxed,EMC6,chr5,346032519,346032852
OG0009798,relaxed,RPAIN,chr5,230880691,230881366
OG0010067,relaxed,SLC26A10,chr5,586578764,586580570
OG0010070,relaxed,ZBTB17,chr5,2359724415,2359726746
OG0010080,relaxed,CCM2L,chr5,2640320175,2640322008
OG0010091,relaxed,ZBTB39,chr5,1604528040,1604530146
OG0010099,relaxed,TSHZ2,chr5,2366677777,2366680876
OG0010115,relaxed,NA,chr5,2490739769,2490740513
OG0010119,relaxed,CDH22,chr5,2479765992,2479768464
OG0010174,relaxed,CDKN2D,chr5,1274221140,1274221644
OG0010202,relaxed,POLR3H,chr5,842793844,842794462
OG0010287,relaxed,TRIM37,chr5,310306312,310309453
OG0010468,relaxed,SCN2B,chr5,507346545,507347298
OG0010476,relaxed,C11orf57,chr5,1440187225,1440187975
OG0010489,relaxed,EIF4H,chr5,211473634,211474465
OG0010640,relaxed,SERPINE1,chr5,1728251686,1728252895
OG0010834,relaxed,FAF2,chr5,1580374788,1580376090
OG0010896,relaxed,GHRH,chr5,135677891,135678230
OG0010907,relaxed,TIMELESS,chr5,1340896845,1340900865
OG0010954,relaxed,DPM1,chr5,2390611515,2390612265
OG0010983,relaxed,CHRNA4,chr5,2176966010,2176967879
OG0011306,relaxed,ABHD11,chr5,151546953,151548024
OG0011529,relaxed,MRPL4,chr5,1186398582,1186399488
OG0012173,relaxed,NA,chr5,1984336206,1984337157
OG0012174,relaxed,RNF214,chr5,498972601,498974773
OG0012294,relaxed,TCFL5,chr5,2154217801,2154219415
OG0012295,relaxed,MTG2,chr5,2134593240,2134594611
OG0012298,relaxed,PHF8,chr5,1348934310,1348937373
OG0012311,relaxed,ZNF341,chr5,2022563535,2022566052
OG0012321,relaxed,DDIT3,chr5,574483356,574483980
OG0012508,relaxed,COLCA2,chr5,1464494649,1464495501
OG0012584,relaxed,CYB5D1,chr5,1811902478,1811903135
OG0012902,relaxed,C11orf88,chr5,1451580248,1451580761
OG0013025,relaxed,STT3A,chr5,743922244,743924065
OG0013168,relaxed,SIAE,chr5,451371563,451373120
OG0013182,relaxed,ALKBH7,chr5,1312181573,1312182311
OG0013185,relaxed,SWSAP1,chr5,1234711637,1234712462
OG0013362,relaxed,MRM1,chr5,272020348,272021872
OG0013475,relaxed,apnNA1,chr5,899663064,899664309
OG0009541,relaxed,ELMO3,chr6,90209051,90211106
OG0011870,relaxed,PDPR,chr6,339250729,339252817
OG0012193,relaxed,GNB1L,chr6,1259251962,1259252949
OG0012211,relaxed,MVK,chr6,835887023,835888190
OG0012440,relaxed,SLC6A5,chr6,53011428,53013738
OG0012867,relaxed,CEBPZ,chr6,191386081,191389414
OG0005289,relaxed,TDRD12,chr6,118870942,118874008
OG0005546,relaxed,RAN,chr6,1303714291,1303714807
OG0006193,relaxed,KIF3A,chr6,1884616406,1884618656
OG0006225,relaxed,SOX6,chr6,1606029882,1606032249
OG0006404,relaxed,EP400,chr6,1277170068,1277179116
OG0006719,relaxed,ZNF536,chr6,450138604,450142762
OG0007087,relaxed,MRVI1,chr6,1673148297,1673150772
OG0007109,relaxed,LRP4,chr6,1730918844,1730924574
OG0007467,relaxed,GAN,chr6,477449372,477450947
OG0007556,relaxed,GAS2L1,chr6,972722732,972725768
OG0007557,relaxed,DGCR8,chr6,1249678806,1249685292
OG0007575,relaxed,WSCD2,chr6,810224288,810225647
OG0007647,relaxed,DNAI1,chr6,1290249134,1290251252
OG0007793,relaxed,SPTY2D1,chr6,1571867137,1571869252
OG0007795,relaxed,FBXO31,chr6,1956474209,1956475568
OG0007861,relaxed,MMP15,chr6,206458808,206460836
OG0008186,relaxed,QSER1,chr6,1861594977,1861600431
OG0008258,relaxed,NUDT19,chr6,123004461,123005616
OG0008335,relaxed,SF3A1,chr6,943678725,943681179
OG0008347,relaxed,KLHL22,chr6,1173939030,1173940836
OG0008518,relaxed,CHFR,chr6,1241674604,1241676611
OG0008554,relaxed,ABCB9,chr6,628846613,628848971
OG0008785,relaxed,PATZ1,chr6,1144131308,1144132283
OG0008806,relaxed,TERF2,chr6,1966848979,1966850425
OG0008878,relaxed,BANP,chr6,156571327,156572845
OG0008968,relaxed,VAT1L,chr6,518205234,518206617
OG0009004,relaxed,KATNB1,chr6,197967823,197969893
OG0009370,relaxed,APIP,chr6,8699649,8700705
OG0009422,relaxed,IRF8,chr6,166762837,166764175
OG0009427,relaxed,PDP2,chr6,621169012,621170611
OG0009545,relaxed,ANKRD11,chr6,74753192,74762387
OG0009639,relaxed,HNF1A,chr6,1141610567,1141612526
OG0009729,relaxed,TAT,chr6,131101013,131102336
OG0009864,relaxed,RFC5,chr6,1026517819,1026518842
OG0009865,relaxed,PPIL2,chr6,1271120815,1271122180
OG0009867,relaxed,LIMK2,chr6,1143408868,1143410857
OG0009882,relaxed,GTF2H3,chr6,641362052,641362979
OG0010096,relaxed,DNAAF1,chr6,1992997151,1993001651
OG0010243,relaxed,ANKRD27,chr6,124461272,124464776
OG0010316,relaxed,COPB1,chr6,1621205107,1621208080
OG0010461,relaxed,KLHDC4,chr6,160113418,160115158
OG0010751,relaxed,DPY19L3,chr6,125858229,125860380
OG0010792,relaxed,CYBA,chr6,83494966,83495527
OG0010922,relaxed,SETD6,chr6,322117892,322119275
OG0010941,relaxed,DDB2,chr6,1725921680,1725923327
OG0011126,relaxed,ANAPC7,chr6,763972151,763973885
OG0011146,relaxed,IQCD,chr6,985855489,985856812
OG0011189,relaxed,RHBDD3,chr6,975761521,975762796
OG0011202,relaxed,CLIP1,chr6,740443153,740447374
OG0011203,relaxed,RSRC2,chr6,735553492,735554536
OG0011209,relaxed,ANKRD13A,chr6,845472808,845474614
OG0011460,relaxed,BET1L,chr6,1502734744,1502735074
OG0011480,relaxed,WDR45,chr6,1559969409,1559970486
OG0011503,relaxed,CENPT,chr6,276856515,276859878
OG0011506,relaxed,RPL13,chr6,72093910,72094639
OG0011655,relaxed,XAF1,chr6,97228307,97229237
OG0011833,relaxed,ORC6,chr6,398930611,398931373
OG0011857,relaxed,PLLP,chr6,624249858,624250410
OG0011860,relaxed,SPATA2L,chr6,64228775,64230026
OG0011961,relaxed,C11orf49,chr6,1729450205,1729451183
OG0012373,relaxed,TMEM258,chr6,1495296134,1495296374
OG0012380,relaxed,DUS2,chr6,1991585894,1991586896
OG0012418,relaxed,ORAOV1,chr6,35720459,35720945
OG0012566,relaxed,CUNH8orf88,chr6,58646033,58646570
OG0012639,relaxed,PDF,chr6,1966213218,1966214064
OG0012646,relaxed,MTHFSD,chr6,171943195,171944374
OG0012780,relaxed,TLDC1,chr6,1961972337,1961973780
OG0012891,relaxed,IFT81,chr6,759958667,759960698
OG0013081,relaxed,SPIRE2,chr6,1981958438,1981960343
OG0013707,relaxed,NA,chr6,872338381,872339326
OG0013863,relaxed,NA,chr6,1523073560,1523074544
OG0014114,relaxed,C16orf46,chr6,482982024,482983248
OG0007750,relaxed,MDM2,chr7,1486345396,1486346815
OG0012366,relaxed,MYBPC1,chr7,24704235,24705804
OG0006580,relaxed,SCAF11,chr7,55097272,55098256
OG0007466,relaxed,FRMD4A,chr7,901062539,901065719
OG0008434,relaxed,FAM208B,chr7,1548262556,1548270476
OG0010163,relaxed,SVOPL,chr7,394591501,394592977
OG0010171,relaxed,NUP107,chr7,129906258,129909003
OG0012379,relaxed,SLC35B4,chr7,1594315652,1594316648
OG0006560,relaxed,FOXM1,chr7,481457403,481459962
OG0006739,relaxed,Wash1,chr7,474367674,474369213
OG0006886,relaxed,PPP2R4,chr7,1674908332,1674909337
OG0006970,relaxed,NHP2,chr7,1800974168,1800974939
OG0007015,relaxed,USP18,chr7,414510228,414511536
OG0007017,relaxed,TAF3,chr7,1529238869,1529241872
OG0007073,relaxed,DENR,chr7,740458471,740459020
OG0007350,relaxed,CEP41,chr7,1457123011,1457124163
OG0007784,relaxed,GSAP,chr7,1012590317,1012592822
OG0007786,relaxed,TM7SF3,chr7,839410933,839412667
OG0008169,relaxed,CTTNBP2,chr7,1775240949,1775245887
OG0008252,relaxed,MET,chr7,1762706738,1762711289
OG0008253,relaxed,TMTC3,chr7,1139521518,1139524272
OG0008458,relaxed,GGNBP2,chr7,880384725,880386828
OG0008803,relaxed,PRKCQ,chr7,1538400960,1538403087
OG0008805,relaxed,PHF21B,chr7,566412722,566414474
OG0008818,relaxed,DMTF1,chr7,911197635,911199519
OG0008823,relaxed,LRGUK,chr7,1592823076,1592825593
OG0008825,relaxed,CDC123,chr7,885674942,885675974
OG0008863,relaxed,NCAPH2,chr7,1481748443,1481750351
OG0008866,relaxed,GNPTAB,chr7,22570841,22573481
OG0009413,relaxed,MTERF2,chr7,638933549,638934740
OG0009536,relaxed,CLP1,chr7,1959580206,1959581487
OG0009586,relaxed,ALX1,chr7,1196747004,1196747988
OG0010144,relaxed,TMEM19,chr7,625590086,625591097
OG0010154,relaxed,SCYL2,chr7,220011285,220013598
OG0010156,relaxed,PYROXD1,chr7,778832008,778833511
OG0010164,relaxed,SULT4A1,chr7,586098552,586099407
OG0010166,relaxed,PAH,chr7,8485596,8486976
OG0010168,relaxed,PSMC2,chr7,1002714459,1002715794
OG0010170,relaxed,ACSS3,chr7,1159110923,1159112996
OG0010211,relaxed,MED21,chr7,840564629,840565067
OG0010212,relaxed,PROSER2,chr7,878069538,878070882
OG0010214,relaxed,XPOT,chr7,78965683,78968572
OG0010756,relaxed,FAM185A,chr7,1010827005,1010828151
OG0011395,relaxed,PUS7L,chr7,1816032388,1816034524
OG0011408,relaxed,CHST11,chr7,19874038,19875055
OG0011409,relaxed,TTLL12,chr7,596150510,596152397
OG0011413,relaxed,PRDM4,chr7,317962343,317964758
OG0011458,relaxed,MON2,chr7,47996359,48001537
OG0012343,relaxed,SOX5,chr7,807563384,807565709
OG0012368,relaxed,MTPN,chr7,366064075,366064504
OG0012371,relaxed,HDAC10,chr7,1069780885,1069782982
OG0012733,relaxed,DCP1B,chr7,440092857,440094696
OG0012989,relaxed,ALG12,chr7,1277733639,1277735118
OG0013007,relaxed,IRAK4,chr7,1816154553,1816155873
OG0013432,relaxed,MRPS35,chr7,498422295,498423300
OG0013552,relaxed,C12orf73,chr7,17115718,17116054
OG0013828,relaxed,Sirt2,chr7,632008010,632009618
OG0005910,relaxed,NEMF,chr8,90809434,90812656
OG0007115,relaxed,FANCM,chr8,73210267,73216792
OG0010370,relaxed,KTN1,chr8,299645804,299649662
OG0006242,relaxed,STARD9,chr8,152110841,152125898
OG0006414,relaxed,BTBD7,chr8,492406084,492408841
OG0006415,relaxed,CGRRF1,chr8,291564947,291565940
OG0007121,relaxed,LRRC74A,chr8,343264351,343266094
OG0007442,relaxed,DCAF4,chr8,159849481,159851434
OG0008337,relaxed,IZUMO1,chr8,1023430328,1023431381
OG0009013,relaxed,SYNE3,chr8,480421157,480425117
OG0009014,relaxed,STYX,chr8,288097471,288098242
OG0009052,relaxed,TTC8,chr8,591998440,591999973
OG0009172,relaxed,SPC25,chr8,495716900,495717698
OG0009201,relaxed,MBOAT7,chr8,1098313610,1098315056
OG0009480,relaxed,SNRNP70,chr8,1159661706,1159663233
OG0009489,relaxed,SCAF1,chr8,1117904369,1117910882
OG0009669,relaxed,C14orf37,chr8,559624777,559626328
OG0009941,relaxed,CD79A,chr8,1375110329,1375110632
OG0010200,relaxed,THAP7,chr8,918939100,918940456
OG0010300,relaxed,MGAT2,chr8,86714604,86715978
OG0010357,relaxed,DICER1,chr8,473885011,473890675
OG0010363,relaxed,SCFD1,chr8,234174618,234176556
OG0010364,relaxed,SRP14,chr8,140116983,140117343
OG0010378,relaxed,C14orf180,chr8,826786635,826787019
OG0010380,relaxed,MIPOL1,chr8,314207450,314208704
OG0010381,relaxed,FBXO34,chr8,296028887,296031074
OG0010387,relaxed,AREL1,chr8,272915465,272917928
OG0010495,relaxed,APLP1,chr8,1246054086,1246056186
OG0010497,relaxed,PROSER3,chr8,1248671793,1248674226
OG0010498,relaxed,PSENEN,chr8,1249527178,1249527484
OG0010600,relaxed,NAT14,chr8,994272735,994273356
OG0010672,relaxed,SLC38A6,chr8,701720000,701721353
OG0010677,relaxed,VTI1B,chr8,42552517,42553204
OG0010976,relaxed,C15orf57,chr8,149025423,149025984
OG0011543,relaxed,PNN,chr8,130846576,130848769
OG0011557,relaxed,LIN52,chr8,279562274,279562766
OG0011559,relaxed,NUBPL,chr8,244964360,244965329
OG0011564,relaxed,ISCA2,chr8,276892762,276893284
OG0011567,relaxed,DACT1,chr8,654414147,654416640
OG0011982,relaxed,ANKRD63,chr8,143148124,143149561
OG0012411,relaxed,CPSF2,chr8,511590848,511593200
OG0012450,relaxed,MOK,chr8,775818223,775819561
OG0012451,relaxed,DNAAF2,chr8,87062156,87064946
OG0012459,relaxed,GSTZ1,chr8,358551871,358552663
OG0012464,relaxed,AQR,chr8,18663288,18667740
OG0012602,relaxed,MNAT1,chr8,705476427,705477357
OG0012677,relaxed,PIH1D1,chr8,1176154822,1176155719
OG0012741,relaxed,FBLN5,chr8,520140740,520141805
OG0013048,relaxed,NRDE2,chr8,542033021,542036474
OG0013054,relaxed,CDAN1,chr8,151336754,151340774
OG0013890,relaxed,NOXRED1,chr8,359977156,359978416
OG0014649,relaxed,PTH2,chr8,1178925926,1178926610
OG0010995,relaxed,DCUN1D5,chr9,1183643361,1183644084
OG0007206,relaxed,NES,chr9,415053760,415060435
OG0009821,relaxed,PSMD3,chr9,1244943882,1244945343
OG0011336,relaxed,USP21,chr9,359644750,359646805
OG0005414,relaxed,F11R,chr9,402250603,402251461
OG0006299,relaxed,BCAN,chr9,416141883,416145639
OG0006454,relaxed,RFX5,chr9,547720826,547723106
OG0006552,relaxed,RPS10,chr9,83689754,83690435
OG0006569,relaxed,ZC3H11A,chr9,265790002,265793122
OG0007041,relaxed,PPP1R10,chr9,1407822332,1407825281
OG0007139,relaxed,CALCOCO2,chr9,1187887628,1187889311
OG0007329,relaxed,KRT222,chr9,1171764583,1171767085
OG0007490,relaxed,KLHL12,chr9,684761188,684762760
OG0007494,relaxed,DENND2C,chr9,125622940,125625760
OG0007541,relaxed,ILF2,chr9,511459482,511460688
OG0007768,relaxed,DAXX,chr9,1364971716,1364973519
OG0008214,relaxed,CNP,chr9,1153200583,1153201882
OG0008228,relaxed,IL10,chr9,230683742,230684267
OG0008426,relaxed,DDX20,chr9,178241406,178244202
OG0008632,relaxed,ARHGAP30,chr9,404436466,404440036
OG0008980,relaxed,FAM32A,chr9,109600807,109601224
OG0009070,relaxed,MED24,chr9,1245965013,1245967977
OG0009307,relaxed,GGPS1,chr9,751260090,751261020
OG0009478,relaxed,TTC25,chr9,1153597561,1153599229
OG0009483,relaxed,C17orf53,chr9,1031843239,1031845489
OG0009514,relaxed,KLHDC8A,chr9,248526601,248527654
OG0009558,relaxed,SP6,chr9,1200233801,1200234908
OG0009712,relaxed,GSG2,chr9,530796814,530800072
OG0009822,relaxed,APOA1BP,chr9,426819776,426820718
OG0010130,relaxed,PPIL1,chr9,63222385,63222886
OG0010188,relaxed,LRRC71,chr9,372419803,372421378
OG0010597,relaxed,FLAD1,chr9,558294392,558296141
OG0010761,relaxed,ACTR6,chr9,3415043,3416087
OG0010859,relaxed,EFTUD2,chr9,1013509854,1013512776
OG0010865,relaxed,TUBG2,chr9,1126561598,1126562837
OG0010866,relaxed,GPATCH8,chr9,1023267721,1023273742
OG0011251,relaxed,THTPA,chr9,817784698,817785355
OG0011258,relaxed,INVS,chr9,1277990262,1277993652
OG0011465,relaxed,DDAH2,chr9,1337399459,1337400239
OG0011593,relaxed,PSMC5,chr9,918231285,918232512
OG0011912,relaxed,SLC35B1,chr9,1068478094,1068479105
OG0011955,relaxed,PMF1NABGLAP,chr9,437568054,437569410
OG0012234,relaxed,GPANK1,chr9,1319568489,1319568879
OG0012358,relaxed,GTF2H4,chr9,1382197266,1382198634
OG0012436,relaxed,MRPL45,chr9,1208233562,1208234534
OG0012493,relaxed,G6PC3,chr9,1034139066,1034140107
OG0012558,relaxed,NA,chr9,533582319,533584221
OG0012565,relaxed,RUSC1,chr9,589179665,589183457
OG0012688,relaxed,WDR77,chr9,184420454,184421447
OG0012701,relaxed,PIK3C2B,chr9,261228459,261233355
OG0012706,relaxed,KLF15,chr9,243404632,243405784
OG0013254,relaxed,B3GALT4,chr9,1366724025,1366725111
OG0013889,relaxed,CYP21A2,chr9,1282169422,1282170943
OG0014122,relaxed,NAGS,chr9,1035923444,1035925481
