OG_ID,analysis_relax_relaxed,pvalue_mean
OG0002470,relaxed,0.019701368
OG0004388,relaxed,0.000743893
OG0004820,relaxed,0.006170836
OG0005043,relaxed,0.000111758
OG0005412,relaxed,0.028089159
OG0005544,relaxed,0.041684812
OG0005546,relaxed,0.00043626
OG0005673,relaxed,0.01398149
OG0006015,relaxed,0.000174926
OG0006067,relaxed,0.115598044
OG0006075,relaxed,2.57E-08
OG0006088,relaxed,7.00E-09
OG0006089,relaxed,6.32E-05
OG0006106,relaxed,0.01029636
OG0006114,relaxed,0.114953586
OG0006138,relaxed,1.43E-06
OG0006145,relaxed,0.00120132
OG0006193,relaxed,0.000621073
OG0006200,relaxed,0.006714585
OG0006225,relaxed,0.031703241
OG0006227,relaxed,2.31E-05
OG0006234,relaxed,1.20E-06
OG0006299,relaxed,0.008846618
OG0006320,relaxed,0.04573274
OG0006342,relaxed,0.048323425
OG0006405,relaxed,0.032566488
OG0006414,relaxed,0
OG0006427,relaxed,0.001064991
OG0006436,relaxed,0.041253824
OG0006452,relaxed,6.49E-05
OG0006454,relaxed,0.00050347
OG0006474,relaxed,0.002685253
OG0006483,relaxed,4.29E-10
OG0006489,relaxed,0.048355667
OG0006533,relaxed,0.154400622
OG0006577,relaxed,2.72E-07
OG0006614,relaxed,0.143011621
OG0006622,relaxed,0.009637091
OG0006645,relaxed,0.010085963
OG0006693,relaxed,0.013065663
OG0006709,relaxed,0.004828809
OG0006710,relaxed,0.022859374
OG0006725,relaxed,0.099723054
OG0006767,relaxed,0.019704857
OG0006840,relaxed,0.014007626
OG0006870,relaxed,0.00037523
OG0006871,relaxed,0.016081034
OG0006886,relaxed,0.147903843
OG0006897,relaxed,0.201946377
OG0006953,relaxed,0.010100516
OG0006965,relaxed,0.002481127
OG0006988,relaxed,0.139981313
OG0007006,relaxed,0.001004475
OG0007009,relaxed,9.77E-05
OG0007022,relaxed,0.000754169
OG0007041,relaxed,0.019621344
OG0007043,relaxed,0.204576927
OG0007105,relaxed,0.023560529
OG0007121,relaxed,0.002890428
OG0007139,relaxed,0.004213451
OG0007299,relaxed,0.080238522
OG0007326,relaxed,0.209593289
OG0007371,relaxed,2.52E-05
OG0007418,relaxed,9.95E-05
OG0007452,relaxed,0.035497647
OG0007466,relaxed,2.24E-05
OG0007483,relaxed,0.016794893
OG0007489,relaxed,0.035431088
OG0007490,relaxed,0.001698517
OG0007557,relaxed,5.75E-07
OG0007575,relaxed,1.36E-05
OG0007576,relaxed,1.11E-06
OG0007577,relaxed,0.003185734
OG0007657,relaxed,1.91E-05
OG0007680,relaxed,3.15E-05
OG0007763,relaxed,0.019158641
OG0007767,relaxed,4.16E-05
OG0007784,relaxed,3.31E-06
OG0007806,relaxed,0.021209129
OG0007817,relaxed,7.50E-06
OG0007837,relaxed,0.125761339
OG0007840,relaxed,0.000767177
OG0007849,relaxed,0.027054823
OG0007898,relaxed,2.55E-08
OG0007903,relaxed,0.014161167
OG0007912,relaxed,0.002217633
OG0007922,relaxed,0.245518327
OG0007924,relaxed,0.037156113
OG0007959,relaxed,0.000693616
OG0007968,relaxed,8.45E-05
OG0007979,relaxed,0.00399865
OG0007985,relaxed,0.028929654
OG0008039,relaxed,0.035302909
OG0008052,relaxed,0.000473122
OG0008069,relaxed,4.18E-05
OG0008100,relaxed,0.007603013
OG0008181,relaxed,0.019206717
OG0008193,relaxed,0.000910709
OG0008207,relaxed,5.85E-06
OG0008276,relaxed,0.111942871
OG0008330,relaxed,0.119291922
OG0008337,relaxed,0.209681634
OG0008461,relaxed,0.140815725
OG0008818,relaxed,9.15E-06
OG0009003,relaxed,0.058887942
OG0009004,relaxed,0.000553519
OG0009067,relaxed,0.00723893
OG0009190,relaxed,0.000107766
OG0009194,relaxed,0.00070783
OG0009236,relaxed,3.15E-07
OG0009427,relaxed,2.21E-07
OG0009490,relaxed,2.26E-05
OG0009518,relaxed,0.004642863
OG0009600,relaxed,0.080935894
OG0009667,relaxed,0.166287547
OG0009688,relaxed,5.80E-15
OG0009701,relaxed,3.96E-05
OG0009729,relaxed,0.006907327
OG0009754,relaxed,0.050680227
OG0009816,relaxed,0.02681981
OG0009835,relaxed,0.052908616
OG0009850,relaxed,2.01E-05
OG0009867,relaxed,0.039243376
OG0009892,relaxed,0.000101106
OG0009905,relaxed,9.52E-05
OG0009977,relaxed,0.090035887
OG0010022,relaxed,0.035546558
OG0010041,relaxed,0.007981828
OG0010067,relaxed,2.71E-08
OG0010068,relaxed,0.048697378
OG0010131,relaxed,0.013078531
OG0010135,relaxed,0.00082093
OG0010158,relaxed,0.010914754
OG0010199,relaxed,1.14E-06
OG0010225,relaxed,0.044357665
OG0010233,relaxed,0.000991621
OG0010347,relaxed,0.027903462
OG0010357,relaxed,0.001177281
OG0010370,relaxed,0.195986608
OG0010380,relaxed,0.000358144
OG0010387,relaxed,0.00118329
OG0010389,relaxed,3.44E-08
OG0010424,relaxed,0.063821831
OG0010449,relaxed,1.45E-05
OG0010457,relaxed,0.004261068
OG0010495,relaxed,0.006665322
OG0010573,relaxed,0.019030722
OG0010580,relaxed,5.16E-05
OG0010600,relaxed,0.005308579
OG0010601,relaxed,0.006255886
OG0010699,relaxed,0.054363932
OG0010790,relaxed,0.008362587
OG0010885,relaxed,0.001273434
OG0010890,relaxed,0.14668479
OG0010896,relaxed,0.005388468
OG0010938,relaxed,0.002210263
OG0010954,relaxed,0.034978131
OG0010966,relaxed,0.031747657
OG0010976,relaxed,0.002687399
OG0010987,relaxed,0.003219289
OG0010990,relaxed,0.00026599
OG0011173,relaxed,0.023146513
OG0011336,relaxed,0.023190124
OG0011506,relaxed,5.81E-13
OG0011982,relaxed,0.005236202
OG0012006,relaxed,0.04072807
OG0012015,relaxed,0.003799937
OG0012103,relaxed,0.001848458
OG0012139,relaxed,2.40E-06
OG0012155,relaxed,0.039429693
OG0012159,relaxed,1.55E-05
OG0012173,relaxed,0.00024683
OG0012188,relaxed,0.106922461
OG0012284,relaxed,0.030897492
OG0012286,relaxed,0.003850625
OG0012297,relaxed,0.004786022
OG0012298,relaxed,0.000212787
OG0012300,relaxed,0.014696335
OG0012311,relaxed,0.000376047
OG0012319,relaxed,0.044662241
OG0012358,relaxed,0.172938735
OG0012373,relaxed,0.136616254
OG0012400,relaxed,0.001446962
OG0012413,relaxed,2.69E-05
OG0012421,relaxed,0.008248044
OG0012440,relaxed,0.038523233
OG0012481,relaxed,0.3908042
OG0012482,relaxed,0.031275179
OG0012546,relaxed,0.001163076
OG0012557,relaxed,0.005859071
OG0012558,relaxed,0.008850354
OG0012566,relaxed,0.052446762
OG0012596,relaxed,0.006098026
OG0012639,relaxed,0.031994504
OG0012665,relaxed,0.005526219
OG0012677,relaxed,0.001464338
OG0012706,relaxed,0.005070722
OG0012733,relaxed,8.72E-06
OG0012741,relaxed,0.001963618
OG0012780,relaxed,0.365319724
OG0012781,relaxed,5.88E-05
OG0012782,relaxed,0.011311357
OG0012806,relaxed,0.158684191
OG0012816,relaxed,0.031597962
OG0013433,relaxed,6.34E-05
OG0013437,relaxed,4.60E-05
OG0013475,relaxed,0.009039584
OG0013482,relaxed,7.86E-07
OG0013566,relaxed,0.003660485
OG0013978,relaxed,0.171967911
OG0014094,relaxed,0.000369784
OG0014122,relaxed,0.061919136
OG0014148,relaxed,1.45E-05
OG0014164,relaxed,0.241966656
OG0014188,relaxed,0.282104006
OG0014646,relaxed,0.059784191
OG0014649,relaxed,0.002431552
OG0014727,relaxed,0.101473145
OG0014745,relaxed,1.36E-05
OG0005253,relaxed,0.01725326
OG0005289,relaxed,0.002649073
OG0005414,relaxed,0.123465871
OG0005592,relaxed,0.000309573
OG0005607,relaxed,0.001575795
OG0005679,relaxed,0.008109584
OG0005792,relaxed,0.007632741
OG0005959,relaxed,0.016337161
OG0005976,relaxed,0
OG0006066,relaxed,0.032474184
OG0006253,relaxed,1.89E-07
OG0006267,relaxed,1.62E-15
OG0006274,relaxed,0.016840246
OG0006280,relaxed,3.82E-10
OG0006347,relaxed,0.024368001
OG0006415,relaxed,4.00E-05
OG0006423,relaxed,0.023136949
OG0006431,relaxed,2.53E-05
OG0006432,relaxed,0.112878621
OG0006433,relaxed,0.008642244
OG0006441,relaxed,0.027742707
OG0006487,relaxed,0.217045959
OG0006508,relaxed,0.058614498
OG0006514,relaxed,0.000870139
OG0006526,relaxed,0.000536484
OG0006569,relaxed,0.008766853
OG0006585,relaxed,0.006048351
OG0006594,relaxed,0
OG0006637,relaxed,0.118389441
OG0006655,relaxed,0.015350615
OG0006663,relaxed,0.038102846
OG0006690,relaxed,0.044371644
OG0006695,relaxed,0.000688333
OG0006719,relaxed,0.000230921
OG0006727,relaxed,7.15E-06
OG0006739,relaxed,0.000825084
OG0006753,relaxed,9.12E-07
OG0006770,relaxed,0.126292334
OG0006877,relaxed,0.036084954
OG0006887,relaxed,0
OG0006904,relaxed,0.020716394
OG0006911,relaxed,0.000520321
OG0006912,relaxed,0.031984667
OG0006918,relaxed,0.040042363
OG0006927,relaxed,0.001092273
OG0006956,relaxed,0.006397746
OG0006957,relaxed,0.034897741
OG0006966,relaxed,0.051831135
OG0006970,relaxed,7.90E-05
OG0006977,relaxed,0.004897398
OG0006982,relaxed,0.000374152
OG0007008,relaxed,1.93E-08
OG0007033,relaxed,5.42E-12
OG0007073,relaxed,0.028372945
OG0007077,relaxed,0.000864648
OG0007115,relaxed,6.14E-13
OG0007116,relaxed,0.043702557
OG0007192,relaxed,0.019290611
OG0007206,relaxed,5.54E-05
OG0007231,relaxed,0.069250922
OG0007242,relaxed,1.07E-05
OG0007298,relaxed,0.000231386
OG0007303,relaxed,1.32E-07
OG0007309,relaxed,0.001949578
OG0007310,relaxed,1.67E-06
OG0007327,relaxed,0.010210107
OG0007338,relaxed,0.003521226
OG0007350,relaxed,0.000252716
OG0007427,relaxed,0.08262672
OG0007433,relaxed,0.007746797
OG0007435,relaxed,0.195519979
OG0007442,relaxed,0.141717918
OG0007459,relaxed,0.074813257
OG0007481,relaxed,0.019234848
OG0007541,relaxed,0.046577013
OG0007570,relaxed,0.052207854
OG0007606,relaxed,0.043098365
OG0007639,relaxed,0.001843457
OG0007717,relaxed,0.000579831
OG0007750,relaxed,0.000470249
OG0007764,relaxed,0.095028905
OG0007768,relaxed,0.018280678
OG0007770,relaxed,0.002251488
OG0007771,relaxed,1.19E-05
OG0007779,relaxed,0.005159538
OG0007792,relaxed,1.47E-05
OG0007811,relaxed,0.129278388
OG0007843,relaxed,0.027334214
OG0007856,relaxed,0.026861788
OG0007867,relaxed,0.018061882
OG0007905,relaxed,0.18497088
OG0007918,relaxed,0.016673868
OG0007957,relaxed,0.000782427
OG0007958,relaxed,0.001660728
OG0007998,relaxed,0.053291245
OG0008023,relaxed,1.12E-05
OG0008053,relaxed,0.017467159
OG0008073,relaxed,0.024648817
OG0008079,relaxed,0.089581972
OG0008106,relaxed,0.118748021
OG0008116,relaxed,0.018536335
OG0008127,relaxed,0.030153718
OG0008152,relaxed,2.10E-05
OG0008160,relaxed,2.44E-05
OG0008169,relaxed,0.015637004
OG0008253,relaxed,0.000599161
OG0008274,relaxed,0.047715162
OG0008280,relaxed,6.03E-07
OG0008292,relaxed,0.000454319
OG0008294,relaxed,0.004342763
OG0008345,relaxed,0.001170154
OG0008420,relaxed,0.009926072
OG0008434,relaxed,0.033029815
OG0008450,relaxed,0.010266818
OG0008460,relaxed,0.000128551
OG0008470,relaxed,0.011881921
OG0008472,relaxed,0.002092107
OG0008474,relaxed,0.086210084
OG0008498,relaxed,0.000414334
OG0008518,relaxed,0.006696791
OG0008519,relaxed,0.025257786
OG0008542,relaxed,6.76E-05
OG0008543,relaxed,8.55E-09
OG0008560,relaxed,0.004658147
OG0008577,relaxed,0.001742442
OG0008585,relaxed,0.000617202
OG0008587,relaxed,0.03280801
OG0008592,relaxed,0.0005239
OG0008628,relaxed,0.000371628
OG0008655,relaxed,0.00301098
OG0008723,relaxed,0.019316114
OG0008731,relaxed,0.034727265
OG0008740,relaxed,4.13E-05
OG0008741,relaxed,0.006119476
OG0008761,relaxed,0.000159704
OG0008772,relaxed,0.018409374
OG0008786,relaxed,0.0340011
OG0008789,relaxed,4.40E-13
OG0008830,relaxed,0.000442557
OG0008838,relaxed,0.001464842
OG0008845,relaxed,0.363684469
OG0008858,relaxed,0.114616032
OG0008863,relaxed,0.063408317
OG0008866,relaxed,0.007964295
OG0008867,relaxed,0.012880185
OG0008955,relaxed,0.001106821
OG0009000,relaxed,7.35E-05
OG0009007,relaxed,0.025536929
OG0009011,relaxed,0.04021118
OG0009019,relaxed,0.075601772
OG0009021,relaxed,0.046509555
OG0009070,relaxed,0.007679612
OG0009071,relaxed,0.058308221
OG0009078,relaxed,0.000411965
OG0009089,relaxed,0.017285337
OG0009108,relaxed,0.023419426
OG0009110,relaxed,4.78E-05
OG0009147,relaxed,0.003459831
OG0009163,relaxed,9.32E-07
OG0009165,relaxed,0.041585832
OG0009166,relaxed,0.034132987
OG0009167,relaxed,0.016577564
OG0009175,relaxed,1.07E-12
OG0009187,relaxed,0.048911126
OG0009201,relaxed,0.052841119
OG0009203,relaxed,0.038292309
OG0009214,relaxed,2.39E-08
OG0009254,relaxed,0.000697488
OG0009264,relaxed,5.06E-07
OG0009274,relaxed,0.093876875
OG0009279,relaxed,3.20E-06
OG0009304,relaxed,0.000298269
OG0009345,relaxed,0.031397379
OG0009348,relaxed,0.002402556
OG0009367,relaxed,0.003630723
OG0009383,relaxed,0.005719127
OG0009403,relaxed,1.60E-07
OG0009405,relaxed,0.182788534
OG0009413,relaxed,0.001753534
OG0009431,relaxed,2.87E-05
OG0009443,relaxed,0.015372693
OG0009449,relaxed,6.90E-07
OG0009480,relaxed,0.053128054
OG0009482,relaxed,0.00776224
OG0009498,relaxed,0.019557091
OG0009506,relaxed,0.000650463
OG0009514,relaxed,0.003084307
OG0009515,relaxed,2.64E-05
OG0009520,relaxed,8.30E-05
OG0009522,relaxed,0.010235779
OG0009528,relaxed,0.010231532
OG0009558,relaxed,0.142384362
OG0009580,relaxed,0.005759679
OG0009584,relaxed,0.000308246
OG0009669,relaxed,9.53E-05
OG0009753,relaxed,0.049562111
OG0009828,relaxed,0.005544726
OG0009845,relaxed,0.000976417
OG0009882,relaxed,0.09470679
OG0009886,relaxed,8.91E-09
OG0010026,relaxed,0.000126992
OG0010091,relaxed,0.059332823
OG0010188,relaxed,4.90E-06
OG0010246,relaxed,0.070530959
OG0010571,relaxed,0.055550331
OG0010602,relaxed,0.210218874
OG0010640,relaxed,2.15E-06
OG0010652,relaxed,0.010395698
OG0010995,relaxed,0.026574723
OG0011080,relaxed,0.000328987
OG0011116,relaxed,3.06E-10
OG0011134,relaxed,0.028398439
OG0011182,relaxed,0.069285582
OG0011189,relaxed,0.0270136
OG0011251,relaxed,0.035231792
OG0011287,relaxed,0.178867986
OG0011298,relaxed,0.4
OG0011303,relaxed,0.165528369
OG0011306,relaxed,0.006393893
OG0011317,relaxed,0.00553205
OG0011327,relaxed,1.32E-08
OG0011329,relaxed,0.031989754
OG0011355,relaxed,0.00480409
OG0011361,relaxed,4.01E-05
OG0011388,relaxed,0.010117417
OG0011408,relaxed,0.005780894
OG0011424,relaxed,0.005809809
OG0011427,relaxed,0.008285092
OG0011430,relaxed,0.011704424
OG0011460,relaxed,0.068624902
OG0011465,relaxed,0.017995484
OG0011480,relaxed,0.039773026
OG0011503,relaxed,0.016637908
OG0011543,relaxed,0.002524554
OG0011544,relaxed,0.001863164
OG0011557,relaxed,0.000210406
OG0011567,relaxed,0.000277988
OG0011577,relaxed,0.009893087
OG0011588,relaxed,1.23E-05
OG0011604,relaxed,0.00415501
OG0011636,relaxed,0.01343716
OG0011651,relaxed,0.009372253
OG0011655,relaxed,0.041294783
OG0011690,relaxed,0.015362903
OG0011705,relaxed,2.60E-07
OG0011710,relaxed,0.004093986
OG0011761,relaxed,0.001972739
OG0011786,relaxed,0.023564406
OG0011811,relaxed,0.026494129
OG0011816,relaxed,2.04E-05
OG0011822,relaxed,0.343252871
OG0011833,relaxed,0.002802802
OG0011836,relaxed,0.015144721
OG0011857,relaxed,0.018686392
OG0011889,relaxed,0.005188924
OG0011891,relaxed,0.002080503
OG0011903,relaxed,0.000660537
OG0011940,relaxed,0.010806548
OG0011945,relaxed,0.161118923
OG0011950,relaxed,0.016432604
OG0011955,relaxed,0.102721787
OG0011967,relaxed,0.032648858
OG0011996,relaxed,0.064474578
OG0012008,relaxed,2.05E-06
OG0012020,relaxed,0.00011025
OG0012526,relaxed,0.011458106
OG0012766,relaxed,0.011744664
OG0012919,relaxed,0.006855459
OG0012922,relaxed,0.0167792
OG0012927,relaxed,0.010217413
OG0012957,relaxed,3.80E-06
OG0012989,relaxed,1.61E-06
OG0013001,relaxed,0.34329406
OG0013025,relaxed,0.114928322
OG0013236,relaxed,0.036663666
OG0013252,relaxed,0.039501226
OG0013254,relaxed,0.003843907
OG0013257,relaxed,0.074479518
OG0013684,relaxed,0.151205354
OG0013707,relaxed,0.037965336
OG0013716,relaxed,0.000123639
OG0013828,relaxed,0.076700878
OG0013863,relaxed,0.053598428
OG0013889,relaxed,0.002259594
OG0014404,relaxed,0.000396262
OG0005305,relaxed,0.024108165
OG0005819,relaxed,2.61E-05
OG0005883,relaxed,0.025005544
OG0005910,relaxed,0.01876147
OG0006098,relaxed,0.112637632
OG0006242,relaxed,0.001750232
OG0006333,relaxed,0.050995929
OG0006404,relaxed,0.003764095
OG0006449,relaxed,0.000386484
OG0006469,relaxed,2.83E-05
OG0006476,relaxed,0.018870323
OG0006494,relaxed,0.04976256
OG0006550,relaxed,0.006105688
OG0006552,relaxed,0.030953413
OG0006560,relaxed,3.54E-06
OG0006580,relaxed,0.167688348
OG0006667,relaxed,0.201450883
OG0006715,relaxed,2.95E-11
OG0006839,relaxed,0.000471507
OG0006876,relaxed,0.10111753
OG0006900,relaxed,0.04565084
OG0006902,relaxed,0.000888564
OG0006903,relaxed,0.001240772
OG0006905,relaxed,0.008038193
OG0006951,relaxed,0.000712103
OG0006961,relaxed,0.015083074
OG0007005,relaxed,0.007455586
OG0007015,relaxed,0.006527328
OG0007017,relaxed,0.048261564
OG0007087,relaxed,0.008973802
OG0007090,relaxed,7.64E-05
OG0007109,relaxed,0.066862521
OG0007124,relaxed,0.016837895
OG0007156,relaxed,0.119855278
OG0007158,relaxed,0
OG0007196,relaxed,0.206954606
OG0007227,relaxed,0.000411485
OG0007268,relaxed,0.013127532
OG0007315,relaxed,0.000247138
OG0007329,relaxed,4.29E-05
OG0007409,relaxed,0.006721433
OG0007410,relaxed,0.002409914
OG0007438,relaxed,0.000481056
OG0007440,relaxed,0.008399543
OG0007455,relaxed,0.02063353
OG0007458,relaxed,0.043947378
OG0007467,relaxed,0
OG0007479,relaxed,0.000108804
OG0007494,relaxed,0.011411124
OG0007504,relaxed,0.01678779
OG0007556,relaxed,0.02438511
OG0007569,relaxed,0.006827146
OG0007590,relaxed,3.46E-05
OG0007592,relaxed,3.31E-06
OG0007597,relaxed,0.046381051
OG0007598,relaxed,0.001020491
OG0007635,relaxed,0.000485516
OG0007636,relaxed,0
OG0007647,relaxed,0.014720461
OG0007652,relaxed,0.000129472
OG0007653,relaxed,0.031051377
OG0007660,relaxed,0.001400635
OG0007662,relaxed,1.14E-05
OG0007670,relaxed,0.066093635
OG0007681,relaxed,0.001877055
OG0007716,relaxed,0.009824437
OG0007726,relaxed,0.008081823
OG0007729,relaxed,0.039227467
OG0007757,relaxed,0.000112953
OG0007786,relaxed,0.038781195
OG0007790,relaxed,0.01706062
OG0007791,relaxed,0.037937366
OG0007795,relaxed,0.005755883
OG0007796,relaxed,6.34E-06
OG0007798,relaxed,0.076504786
OG0007810,relaxed,0.007909702
OG0007819,relaxed,0.035672305
OG0007844,relaxed,0.000552451
OG0007861,relaxed,0.051031973
OG0007891,relaxed,0.049516074
OG0007902,relaxed,0.017289396
OG0007904,relaxed,0.00254449
OG0007911,relaxed,0.00786353
OG0007915,relaxed,0.032732088
OG0007917,relaxed,0.000895048
OG0007971,relaxed,0.003094243
OG0007997,relaxed,4.57E-06
OG0008046,relaxed,0.260884569
OG0008071,relaxed,0.009912076
OG0008082,relaxed,0.007259687
OG0008084,relaxed,0.035457767
OG0008089,relaxed,0.003912682
OG0008098,relaxed,0.012641178
OG0008101,relaxed,0.00012519
OG0008164,relaxed,5.39E-07
OG0008186,relaxed,5.45E-05
OG0008198,relaxed,0.009735063
OG0008202,relaxed,0.009444781
OG0008221,relaxed,5.98E-07
OG0008225,relaxed,0.027401922
OG0008228,relaxed,0.1085554
OG0008231,relaxed,0.010474608
OG0008241,relaxed,3.85E-07
OG0008247,relaxed,0.001151159
OG0008252,relaxed,0.002569614
OG0008363,relaxed,0.03388353
OG0008392,relaxed,0.026771138
OG0008413,relaxed,0.044743091
OG0008426,relaxed,0.001280963
OG0008567,relaxed,0.01592459
OG0008600,relaxed,2.48E-05
OG0008612,relaxed,0.052384188
OG0008806,relaxed,1.54E-05
OG0008823,relaxed,0.186719246
OG0008841,relaxed,0.003170578
OG0008861,relaxed,0.11634811
OG0008902,relaxed,0.000110641
OG0008907,relaxed,1.69E-12
OG0008968,relaxed,0.000178457
OG0009093,relaxed,0.008565951
OG0009156,relaxed,3.58E-05
OG0009173,relaxed,0.056268758
OG0009183,relaxed,0.018749558
OG0009269,relaxed,0.004398424
OG0009283,relaxed,0.023282013
OG0009322,relaxed,0.028660991
OG0009388,relaxed,0.051385069
OG0009428,relaxed,7.76E-06
OG0009450,relaxed,0.000769084
OG0009478,relaxed,3.64E-05
OG0009483,relaxed,0.001466412
OG0009489,relaxed,0.016469692
OG0009521,relaxed,0.011431572
OG0009524,relaxed,0.138350579
OG0009552,relaxed,0.011543347
OG0009564,relaxed,0.033826611
OG0009586,relaxed,0.019057343
OG0009639,relaxed,0.040005639
OG0009642,relaxed,0.030646962
OG0009646,relaxed,0.000198544
OG0009647,relaxed,0.015346471
OG0009659,relaxed,0.002482066
OG0009693,relaxed,9.29E-05
OG0009712,relaxed,0.001474989
OG0009713,relaxed,0.009780761
OG0009744,relaxed,0.030156808
OG0009760,relaxed,0.125280769
OG0009773,relaxed,5.50E-06
OG0009777,relaxed,0.010329135
OG0009779,relaxed,0.034365825
OG0009795,relaxed,0.024688699
OG0009808,relaxed,0.018476935
OG0009821,relaxed,1.99E-10
OG0009824,relaxed,0.026830365
OG0009842,relaxed,0.135473368
OG0009848,relaxed,0.050768575
OG0009864,relaxed,0.025292354
OG0009865,relaxed,0.077457352
OG0009869,relaxed,0.000487303
OG0009879,relaxed,0.074896964
OG0009883,relaxed,0.036775904
OG0009895,relaxed,0.010608052
OG0009908,relaxed,0.006510165
OG0009918,relaxed,0.153732727
OG0009949,relaxed,3.84E-05
OG0009965,relaxed,0.001249247
OG0009970,relaxed,0.026796591
OG0009972,relaxed,0
OG0009975,relaxed,0.000199805
OG0009989,relaxed,0.05401857
OG0009993,relaxed,0.001312416
OG0010006,relaxed,0.06137659
OG0010012,relaxed,0.013342968
OG0010025,relaxed,0.018918882
OG0010035,relaxed,0.004306993
OG0010049,relaxed,8.65E-05
OG0010064,relaxed,0.120201492
OG0010070,relaxed,4.08E-07
OG0010077,relaxed,0.011130719
OG0010099,relaxed,0.005383894
OG0010103,relaxed,2.91E-08
OG0010110,relaxed,0.063630987
OG0010115,relaxed,0.001472293
OG0010130,relaxed,0.004265559
OG0010138,relaxed,0.011293923
OG0010144,relaxed,0.009502166
OG0010154,relaxed,0.000164173
OG0010163,relaxed,0.001796102
OG0010164,relaxed,7.05E-05
OG0010168,relaxed,0.000155691
OG0010170,relaxed,0.272864833
OG0010171,relaxed,0.002472586
OG0010174,relaxed,1.28E-06
OG0010177,relaxed,3.36E-05
OG0010185,relaxed,0.127522167
OG0010193,relaxed,0.084556608
OG0010200,relaxed,0.000569745
OG0010211,relaxed,0.061751362
OG0010212,relaxed,0.003410273
OG0010214,relaxed,7.93E-06
OG0010236,relaxed,0.043647024
OG0010243,relaxed,0.007112523
OG0010249,relaxed,0.319436642
OG0010250,relaxed,0.001012099
OG0010251,relaxed,3.74E-07
OG0010285,relaxed,0.002313309
OG0010287,relaxed,0.0225766
OG0010293,relaxed,0.002476439
OG0010299,relaxed,0.031876129
OG0010300,relaxed,0.073684146
OG0010313,relaxed,0.12138347
OG0010316,relaxed,0
OG0010324,relaxed,0.00048466
OG0010329,relaxed,0.022874995
OG0010335,relaxed,0.050760016
OG0010355,relaxed,0.001796373
OG0010356,relaxed,4.25E-05
OG0010359,relaxed,4.73E-05
OG0010360,relaxed,0.037088669
OG0010361,relaxed,1.07E-15
OG0010364,relaxed,1.88E-07
OG0010372,relaxed,0.025575932
OG0010378,relaxed,0.025551311
OG0010381,relaxed,2.11E-07
OG0010416,relaxed,0.001658767
OG0010439,relaxed,0.118556647
OG0010440,relaxed,0.006318772
OG0010468,relaxed,5.73E-10
OG0010476,relaxed,9.04E-05
OG0010480,relaxed,0.018807807
OG0010489,relaxed,0.001708919
OG0010497,relaxed,0.019284846
OG0010498,relaxed,0.000672171
OG0010505,relaxed,0.001768863
OG0010522,relaxed,0.030515977
OG0010528,relaxed,0.316090749
OG0010531,relaxed,0.006386305
OG0010541,relaxed,0.000196392
OG0010546,relaxed,0.00675211
OG0010548,relaxed,3.31E-05
OG0010567,relaxed,0.088395632
OG0010581,relaxed,1.48E-06
OG0010597,relaxed,0.027229742
OG0010612,relaxed,0.214675361
OG0010613,relaxed,0.026312875
OG0010626,relaxed,0.021959195
OG0010628,relaxed,1.09E-05
OG0010630,relaxed,0.021060674
OG0010634,relaxed,0.000820865
OG0010656,relaxed,0.021141762
OG0010660,relaxed,0.009717186
OG0010672,relaxed,0.017172241
OG0010684,relaxed,0.015359897
OG0010700,relaxed,0.006685889
OG0010701,relaxed,0.022546238
OG0010711,relaxed,0.000842252
OG0010712,relaxed,0.034952346
OG0010715,relaxed,0.036757443
OG0010731,relaxed,0.188075814
OG0010751,relaxed,0.360212772
OG0010772,relaxed,7.41E-09
OG0010792,relaxed,0.008224373
OG0010801,relaxed,0.02208888
OG0010815,relaxed,0.137637488
OG0010818,relaxed,2.36E-07
OG0010820,relaxed,0.008364832
OG0010834,relaxed,0.000884836
OG0010840,relaxed,0.004801222
OG0010850,relaxed,0.006882255
OG0010859,relaxed,0.083278498
OG0010865,relaxed,0.026003915
OG0010866,relaxed,0.000200892
OG0010872,relaxed,0.004854432
OG0010878,relaxed,0.001587425
OG0010914,relaxed,0.001711031
OG0010922,relaxed,0.014683419
OG0010941,relaxed,0.079109448
OG0010958,relaxed,0.004962443
OG0010983,relaxed,0.031598501
OG0011002,relaxed,0.007446225
OG0011409,relaxed,0.004051772
OG0011497,relaxed,0.001190475
OG0011542,relaxed,0.010211763
OG0011663,relaxed,0.058386009
OG0011669,relaxed,0.000508931
OG0011826,relaxed,0.396813636
OG0011860,relaxed,0.035133431
OG0012011,relaxed,0.007404641
OG0012108,relaxed,0.01472936
OG0012150,relaxed,0.00028444
OG0012152,relaxed,0.001504424
OG0012165,relaxed,0.07526571
OG0012183,relaxed,0.030148857
OG0012198,relaxed,0.008312269
OG0012211,relaxed,0.004749823
OG0012216,relaxed,0.007260872
OG0012217,relaxed,1.59E-09
OG0012237,relaxed,0.001664101
OG0012258,relaxed,0.02499047
OG0012288,relaxed,0.018608886
OG0012294,relaxed,0.000357648
OG0012307,relaxed,0.006339337
OG0012339,relaxed,0
OG0012343,relaxed,0.001866563
OG0012354,relaxed,0.011771462
OG0012366,relaxed,0.000576147
OG0012424,relaxed,9.41E-06
OG0012450,relaxed,1.22E-06
OG0012471,relaxed,1.48E-05
OG0012508,relaxed,0.203715585
OG0012533,relaxed,0.029626751
OG0012537,relaxed,0.060615762
OG0012539,relaxed,0.045394163
OG0012555,relaxed,0.154739868
OG0012565,relaxed,0.044386696
OG0012584,relaxed,0.003191019
OG0012602,relaxed,0.093031711
OG0012681,relaxed,7.63E-09
OG0013354,relaxed,0.001892851
OG0013380,relaxed,0.002404103
OG0013493,relaxed,0.01107785
OG0013496,relaxed,1.29E-10
OG0013524,relaxed,6.52E-05
OG0013552,relaxed,0.02659313
OG0013585,relaxed,0.294344384
OG0013586,relaxed,0.019067855
OG0013631,relaxed,0.010864056
OG0014007,relaxed,0.025446782
OG0014040,relaxed,0.018053408
OG0014057,relaxed,4.06E-07
OG0014063,relaxed,0.022237965
OG0014114,relaxed,0.043207575
OG0014118,relaxed,0.01317811
OG0005917,relaxed,0.000931731
OG0006001,relaxed,1.49E-07
OG0006297,relaxed,0.001050588
OG0006723,relaxed,0.00412119
OG0006742,relaxed,0.00077017
OG0006842,relaxed,0.000346808
OG0006973,relaxed,0.095175066
OG0007057,relaxed,1.32E-05
OG0007182,relaxed,2.03E-05
OG0007339,relaxed,0.013826692
OG0007478,relaxed,3.30E-06
OG0007499,relaxed,0.08957237
OG0007595,relaxed,0.014581684
OG0007699,relaxed,0.000232788
OG0007793,relaxed,0.02339459
OG0007823,relaxed,0.001021182
OG0007899,relaxed,0.00462251
OG0007934,relaxed,0.003879391
OG0007975,relaxed,0.007037815
OG0008013,relaxed,0.067349586
OG0008026,relaxed,0.176476294
OG0008087,relaxed,0.000436965
OG0008148,relaxed,0.067952696
OG0008214,relaxed,0.003674141
OG0008220,relaxed,0.223349995
OG0008227,relaxed,7.82E-10
OG0008258,relaxed,0.016357287
OG0008335,relaxed,0.0076317
OG0008347,relaxed,3.33E-15
OG0008354,relaxed,0.01552163
OG0008356,relaxed,0.007096128
OG0008357,relaxed,0.005085976
OG0008371,relaxed,0.013923389
OG0008389,relaxed,0.054296176
OG0008397,relaxed,0.059889254
OG0008412,relaxed,0.000234129
OG0008423,relaxed,4.66E-16
OG0008458,relaxed,0.000807937
OG0008537,relaxed,0.022955015
OG0008539,relaxed,0.027182277
OG0008552,relaxed,0.179118866
OG0008554,relaxed,0.000625065
OG0008572,relaxed,0.000904059
OG0008588,relaxed,0.024595137
OG0008607,relaxed,0.006983009
OG0008627,relaxed,2.89E-16
OG0008632,relaxed,0.000641461
OG0008638,relaxed,0.024177892
OG0008668,relaxed,0.000513512
OG0008672,relaxed,5.69E-12
OG0008692,relaxed,0.041719849
OG0008721,relaxed,0.165198228
OG0008725,relaxed,0.00152791
OG0008738,relaxed,0.005336287
OG0008745,relaxed,4.46E-06
OG0008751,relaxed,0.002428325
OG0008764,relaxed,8.88E-16
OG0008765,relaxed,2.97E-09
OG0008767,relaxed,1.82E-06
OG0008768,relaxed,0.013173477
OG0008785,relaxed,2.84E-09
OG0008790,relaxed,0.204603236
OG0008791,relaxed,0.006858044
OG0008803,relaxed,1.05E-06
OG0008805,relaxed,0.000102215
OG0008825,relaxed,2.60E-05
OG0008878,relaxed,0.046377642
OG0008886,relaxed,0.000134048
OG0008932,relaxed,0.002773592
OG0008936,relaxed,0.235219156
OG0008971,relaxed,0.013618347
OG0008980,relaxed,0.004613884
OG0008982,relaxed,1.02E-05
OG0008987,relaxed,0.036522908
OG0008997,relaxed,0.003158587
OG0009013,relaxed,8.54E-05
OG0009014,relaxed,6.72E-05
OG0009024,relaxed,0.005517372
OG0009049,relaxed,0.010098252
OG0009052,relaxed,4.47E-08
OG0009100,relaxed,0.000261349
OG0009116,relaxed,0.024172893
OG0009128,relaxed,0.015951118
OG0009137,relaxed,0.003174991
OG0009141,relaxed,0.001318179
OG0009142,relaxed,0.005308647
OG0009150,relaxed,0.039748493
OG0009162,relaxed,0.023313206
OG0009172,relaxed,0.000508417
OG0009179,relaxed,0.004837313
OG0009186,relaxed,0.000846208
OG0009208,relaxed,0.043020494
OG0009221,relaxed,0.075543233
OG0009224,relaxed,0.25908121
OG0009232,relaxed,5.50E-05
OG0009278,relaxed,0.001518703
OG0009297,relaxed,0
OG0009307,relaxed,0.000657664
OG0009356,relaxed,0.042676503
OG0009357,relaxed,0.001073565
OG0009370,relaxed,0.001477515
OG0009372,relaxed,0.029816001
OG0009394,relaxed,1.26E-06
OG0009422,relaxed,0.08688247
OG0009430,relaxed,8.02E-07
OG0009441,relaxed,0.017414406
OG0009474,relaxed,0.038747282
OG0009495,relaxed,0.000275897
OG0009499,relaxed,0.340497031
OG0009505,relaxed,0.006091867
OG0009519,relaxed,5.23E-05
OG0009536,relaxed,0.008934564
OG0009541,relaxed,1.77E-05
OG0009545,relaxed,2.65E-09
OG0009941,relaxed,0.013027847
OG0010004,relaxed,0.000815062
OG0010119,relaxed,0.351666355
OG0010270,relaxed,0.036547153
OG0010501,relaxed,0.004722375
OG0010509,relaxed,0.001709295
OG0010619,relaxed,0.00742675
OG0010756,relaxed,0.137930416
OG0010956,relaxed,0.04651285
OG0011067,relaxed,0.014063813
OG0011102,relaxed,7.59E-13
OG0011111,relaxed,0.018832598
OG0011119,relaxed,0.003238926
OG0011126,relaxed,0.00114425
OG0011151,relaxed,0.004071493
OG0011153,relaxed,0.040185636
OG0011160,relaxed,0.022765558
OG0011202,relaxed,0.002491843
OG0011203,relaxed,2.62E-08
OG0011209,relaxed,0.039711599
OG0011215,relaxed,0.023160152
OG0011219,relaxed,9.41E-05
OG0011224,relaxed,0.195413272
OG0011226,relaxed,0.175928568
OG0011230,relaxed,8.00E-11
OG0011233,relaxed,0.247383218
OG0011237,relaxed,0.004621213
OG0011242,relaxed,0.024540681
OG0011255,relaxed,0.023917643
OG0011258,relaxed,0.04960396
OG0011261,relaxed,0.032187878
OG0011273,relaxed,0.033650106
OG0011281,relaxed,0.02443861
OG0011293,relaxed,0.015289261
OG0011301,relaxed,0.002441257
OG0011305,relaxed,0.016832477
OG0011308,relaxed,0.075995488
OG0011334,relaxed,0.024265987
OG0011391,relaxed,9.34E-06
OG0011428,relaxed,0.09181063
OG0011458,relaxed,0.003629916
OG0011469,relaxed,0.026461441
OG0011471,relaxed,1.48E-06
OG0011489,relaxed,0.057030512
OG0011500,relaxed,2.08E-12
OG0011529,relaxed,0.012549076
OG0011540,relaxed,0.029666186
OG0011553,relaxed,0.00040181
OG0011559,relaxed,0.01070036
OG0011560,relaxed,0.005015974
OG0011564,relaxed,0.059556712
OG0011576,relaxed,0.267146495
OG0011583,relaxed,3.57E-05
OG0011593,relaxed,0.132569889
OG0011611,relaxed,0.054499087
OG0011619,relaxed,0.038269639
OG0011640,relaxed,0.101562793
OG0011673,relaxed,0.010741401
OG0011692,relaxed,0.0297593
OG0011698,relaxed,0.00040554
OG0011735,relaxed,0.051942572
OG0011768,relaxed,2.57E-05
OG0011792,relaxed,0.000162311
OG0011801,relaxed,2.33E-05
OG0011804,relaxed,0.022389747
OG0011805,relaxed,0.003338276
OG0011879,relaxed,0.008038808
OG0011885,relaxed,0.044264145
OG0011912,relaxed,0.006101553
OG0011927,relaxed,0.016366491
OG0011941,relaxed,3.68E-10
OG0012031,relaxed,0.018927533
OG0012231,relaxed,0.002980663
OG0012436,relaxed,0.27246722
OG0012867,relaxed,5.59E-11
OG0012870,relaxed,0.021842878
OG0012877,relaxed,0.071493673
OG0012894,relaxed,4.62E-05
OG0012895,relaxed,0.00295702
OG0012902,relaxed,0.005371298
OG0012904,relaxed,0.048938855
OG0012953,relaxed,0.023339197
OG0012959,relaxed,0.007819521
OG0012984,relaxed,0.001048439
OG0013011,relaxed,0.030163266
OG0013036,relaxed,0.003407553
OG0013044,relaxed,1.97E-08
OG0013061,relaxed,0.013408036
OG0013069,relaxed,0.038239696
OG0013137,relaxed,0.000132803
OG0013168,relaxed,0.000198281
OG0013169,relaxed,0.014183856
OG0013185,relaxed,0.033180586
OG0013213,relaxed,1.56E-09
OG0013288,relaxed,0.000305092
OG0013680,relaxed,0.00374381
OG0013760,relaxed,0.045352635
OG0013808,relaxed,0.037405459
OG0013832,relaxed,0.038357499
OG0013890,relaxed,0.078051914
OG0007172,relaxed,0.000129149
OG0007432,relaxed,0.002713465
OG0008636,relaxed,0.000767528
OG0008784,relaxed,0.369031794
OG0009042,relaxed,0.000103752
OG0009464,relaxed,0.000516885
OG0009718,relaxed,0.01301382
OG0009798,relaxed,0.032394864
OG0009822,relaxed,0.068544122
OG0009843,relaxed,1.01E-06
OG0009891,relaxed,0.000762749
OG0009904,relaxed,0.072114023
OG0009937,relaxed,0.033240259
OG0009994,relaxed,0.014384118
OG0010021,relaxed,0.002936989
OG0010023,relaxed,0.044101297
OG0010030,relaxed,0.000239699
OG0010031,relaxed,0.000109182
OG0010048,relaxed,0.008293972
OG0010056,relaxed,0.003733025
OG0010080,relaxed,0.029736073
OG0010096,relaxed,0.004669197
OG0010132,relaxed,0.003125608
OG0010156,relaxed,0.006483635
OG0010166,relaxed,3.21E-07
OG0010202,relaxed,0.00378075
OG0010234,relaxed,0.007634252
OG0010261,relaxed,0.002157125
OG0010303,relaxed,0.019414122
OG0010339,relaxed,0.049225668
OG0010363,relaxed,0.050269774
OG0010368,relaxed,0.000413396
OG0010369,relaxed,0.132606245
OG0010403,relaxed,0.000199907
OG0010407,relaxed,0.03069191
OG0010442,relaxed,2.17E-05
OG0010460,relaxed,0.034262733
OG0010461,relaxed,1.70E-09
OG0010521,relaxed,2.90E-07
OG0010530,relaxed,0.037908868
OG0010533,relaxed,5.32E-11
OG0010543,relaxed,0.02026952
OG0010555,relaxed,6.81E-06
OG0010596,relaxed,0.004636587
OG0010650,relaxed,0.014704569
OG0010677,relaxed,0.003352336
OG0010691,relaxed,0.004318484
OG0010761,relaxed,0.070315487
OG0010819,relaxed,0.02951303
OG0010871,relaxed,0.010018925
OG0010907,relaxed,0.021079417
OG0011146,relaxed,0.002370234
OG0011243,relaxed,4.31E-08
OG0011253,relaxed,0.00010157
OG0011284,relaxed,0.037476232
OG0011755,relaxed,0.011938133
OG0011870,relaxed,1.96E-14
OG0012112,relaxed,0.009012888
OG0012118,relaxed,0.075659926
OG0012125,relaxed,7.32E-09
OG0012174,relaxed,0.000403137
OG0012177,relaxed,0.082496788
OG0012193,relaxed,0.028501334
OG0012199,relaxed,0.002389125
OG0012221,relaxed,0.081902096
OG0012234,relaxed,0.027671752
OG0012239,relaxed,0.032154498
OG0012259,relaxed,3.84E-05
OG0012295,relaxed,0.004041404
OG0012318,relaxed,0.000779268
OG0012321,relaxed,0.038871371
OG0012368,relaxed,0.001803522
OG0012371,relaxed,0.049697221
OG0012393,relaxed,0.003631789
OG0012406,relaxed,0.022919392
OG0012411,relaxed,0.003780528
OG0012418,relaxed,0.002412745
OG0012432,relaxed,1.64E-05
OG0012437,relaxed,0.001297324
OG0012459,relaxed,0.002536679
OG0012465,relaxed,5.72E-10
OG0012483,relaxed,0.009876926
OG0012495,relaxed,0.030247082
OG0012518,relaxed,0.044144944
OG0012531,relaxed,0.029787659
OG0012550,relaxed,0.029825055
OG0012564,relaxed,5.44E-06
OG0012585,relaxed,0.007931805
OG0012588,relaxed,0.016117652
OG0012592,relaxed,0.002344602
OG0012594,relaxed,0.009386843
OG0012595,relaxed,0.009417576
OG0012613,relaxed,0.005637051
OG0012643,relaxed,0.017371317
OG0012646,relaxed,0.046183952
OG0012652,relaxed,0.004191923
OG0012688,relaxed,0.201891431
OG0012701,relaxed,0.117684606
OG0012731,relaxed,0.012457613
OG0012763,relaxed,0.016035315
OG0013335,relaxed,0.013491281
OG0013344,relaxed,1.78E-06
OG0013362,relaxed,0.048822796
OG0013393,relaxed,0.07323496
OG0013421,relaxed,0.035683824
OG0013432,relaxed,0.001780461
OG0013473,relaxed,0.102247691
OG0013480,relaxed,0.039116683
OG0013505,relaxed,2.59E-05
OG0013508,relaxed,1.74E-05
OG0013550,relaxed,0.007645404
OG0010178,relaxed,0.034456679
OG0011085,relaxed,0.002727062
OG0011086,relaxed,0.035612532
OG0011158,relaxed,2.42E-06
OG0011165,relaxed,0.020080257
OG0011187,relaxed,2.49E-07
OG0011223,relaxed,0.000460132
OG0011302,relaxed,1.39E-06
OG0011311,relaxed,0.008865051
OG0011395,relaxed,0.06796171
OG0011413,relaxed,0.051999987
OG0011418,relaxed,0.021794615
OG0011569,relaxed,0.026001247
OG0011570,relaxed,0.000319156
OG0011618,relaxed,0.001007955
OG0011713,relaxed,0.023857329
OG0011736,relaxed,3.86E-14
OG0011797,relaxed,0.148164456
OG0011813,relaxed,0.000709827
OG0011942,relaxed,0.000204684
OG0011961,relaxed,0.008259812
OG0012862,relaxed,0.012740307
OG0012878,relaxed,1.13E-11
OG0012891,relaxed,0.000348579
OG0012961,relaxed,0.137783631
OG0012974,relaxed,0.000100361
OG0012985,relaxed,0.099047839
OG0012986,relaxed,4.35E-05
OG0013007,relaxed,0.001052095
OG0013021,relaxed,0.004795069
OG0013048,relaxed,1.46E-05
OG0013051,relaxed,0.001169835
OG0013054,relaxed,0.028285425
OG0013081,relaxed,0.002013161
OG0013091,relaxed,0.062444499
OG0013135,relaxed,0.005404919
OG0013139,relaxed,0.000400641
OG0013182,relaxed,0.004943667
OG0012146,relaxed,0.013367894
OG0012149,relaxed,8.42E-05
OG0012227,relaxed,1.65E-05
OG0012379,relaxed,0.013398754
OG0012380,relaxed,0.001622986
OG0012445,relaxed,0.006256627
OG0012451,relaxed,0.000221182
OG0012464,relaxed,0.038191109
OG0012493,relaxed,0.000545494
OG0012513,relaxed,0.374823731
OG0012687,relaxed,0.000327122
OG0012707,relaxed,0.011361175
