OG_ID,condition
OG0000014,NA
OG0000028,long-lived
OG0000110,NA
OG0000145,NA
OG0000232,long-lived
OG0000631,NA
OG0000733,long-lived
OG0001157,NA
OG0001630,long-lived
OG0002383,NA
OG0002589,long-lived
OG0002644,NA
OG0002744,long-lived
OG0002807,NA
OG0002818,long-lived
OG0002847,long-lived
OG0002857,NA
OG0002915,long-lived
OG0002918,long-lived
OG0003005,NA
OG0003046,NA
OG0003085,NA
OG0003122,NA
OG0003128,long-lived
OG0003140,NA
OG0003145,NA
OG0003149,NA
OG0003184,NA
OG0003190,NA
OG0003203,NA
OG0003217,NA
OG0003239,NA
OG0003276,NA
OG0003303,NA
OG0003318,long-lived
OG0003326,NA
OG0003327,NA
OG0003355,long-lived
OG0003376,NA
OG0003378,NA
OG0003381,NA
OG0003389,NA
OG0003415,long-lived
OG0003417,NA
OG0003427,NA
OG0003439,NA
OG0003441,NA
OG0003444,NA
OG0003451,long-lived
OG0003452,NA
OG0003465,NA
OG0003478,NA
OG0003486,NA
OG0003490,NA
OG0003491,NA
OG0003513,NA
OG0003516,NA
OG0003525,NA
OG0003533,NA
OG0003534,NA
OG0003537,long-lived
OG0003538,NA
OG0003546,NA
OG0003549,NA
OG0003554,NA
OG0003556,NA
OG0003558,NA
OG0003561,NA
OG0003564,NA
OG0003568,NA
OG0003569,NA
OG0003571,NA
OG0003573,NA
OG0003576,long-lived
OG0003579,NA
OG0003582,NA
OG0003588,NA
OG0003596,long-lived
OG0003599,NA
OG0003601,long-lived
OG0003605,NA
OG0003607,NA
OG0003608,NA
OG0003614,NA
OG0003615,NA
OG0003619,NA
OG0003620,NA
OG0003622,NA
OG0003623,NA
OG0003629,NA
OG0003631,NA
OG0003632,NA
OG0003633,NA
OG0003635,NA
OG0003639,NA
OG0003645,NA
OG0003649,NA
OG0003650,NA
OG0003660,NA
OG0003664,NA
OG0003671,NA
OG0003675,NA
OG0003676,NA
OG0003680,NA
OG0003690,NA
OG0003692,long-lived
OG0003696,NA
OG0003697,NA
OG0003699,long-lived
OG0003700,NA
OG0003704,NA
OG0003710,NA
OG0003714,long-lived
OG0003715,long-lived
OG0003716,NA
OG0003717,long-lived
OG0003720,long-lived
OG0003735,NA
OG0003739,long-lived
OG0003744,NA
OG0003747,NA
OG0003750,long-lived
OG0003753,NA
OG0003754,NA
OG0003755,NA
OG0003757,NA
OG0003759,NA
OG0003762,NA
OG0003769,long-lived
OG0003771,long-lived
OG0003777,long-lived
OG0003778,long-lived
OG0003779,NA
OG0003780,NA
OG0003781,long-lived
OG0003783,NA
OG0003784,NA
OG0003785,NA
OG0003788,long-lived
OG0003792,NA
OG0003796,NA
OG0003803,NA
OG0003804,NA
OG0003805,NA
OG0003808,long-lived
OG0003812,NA
OG0003813,NA
OG0003816,NA
OG0003819,NA
OG0003822,NA
OG0003824,NA
OG0003826,long-lived
OG0003827,NA
OG0003829,long-lived
OG0003831,NA
OG0003834,NA
OG0003835,NA
OG0003836,NA
OG0003840,NA
OG0003842,NA
OG0003843,NA
OG0003845,NA
OG0003848,long-lived
OG0003851,NA
OG0003852,NA
OG0003853,NA
OG0003854,NA
OG0003855,NA
OG0003858,NA
OG0003862,NA
OG0003863,long-lived
OG0003865,NA
OG0003867,NA
OG0003868,NA
OG0003869,NA
OG0003870,NA
OG0003873,NA
OG0003874,NA
OG0003875,NA
OG0003876,NA
OG0003879,NA
OG0003886,NA
OG0003892,NA
OG0003916,NA
OG0003917,NA
OG0003919,NA
OG0003920,NA
OG0003922,long-lived
OG0003924,NA
OG0003926,NA
OG0003928,long-lived
OG0003930,NA
OG0003933,NA
OG0003938,NA
OG0003942,NA
OG0003948,NA
OG0003951,NA
OG0003953,NA
OG0003954,NA
OG0003956,long-lived
OG0003957,NA
OG0003962,NA
OG0003964,NA
OG0003968,NA
OG0003969,NA
OG0003970,NA
OG0003971,NA
OG0003973,NA
OG0003975,NA
OG0003977,NA
OG0003978,NA
OG0003979,NA
OG0003981,NA
OG0003982,long-lived
OG0003984,NA
OG0003986,NA
OG0003987,NA
OG0003989,NA
OG0003991,NA
OG0003995,NA
OG0003998,NA
OG0003999,NA
OG0004002,NA
OG0004006,NA
OG0004009,NA
OG0004013,NA
OG0004014,NA
OG0004015,NA
OG0004016,NA
OG0004018,long-lived
OG0004020,NA
OG0004022,NA
OG0004025,long-lived
OG0004026,long-lived
OG0004027,NA
OG0004031,NA
OG0004032,NA
OG0004034,long-lived
OG0004035,long-lived
OG0004037,NA
OG0004038,NA
OG0004039,NA
OG0004040,long-lived
OG0004042,NA
OG0004043,long-lived
OG0004045,NA
OG0004046,NA
OG0004047,NA
OG0004048,NA
OG0004050,NA
OG0004051,NA
OG0004052,NA
OG0004053,long-lived
OG0004054,NA
OG0004058,NA
OG0004061,NA
OG0004062,NA
OG0004064,NA
OG0004065,NA
OG0004068,NA
OG0004069,NA
OG0004070,NA
OG0004071,NA
OG0004073,NA
OG0004076,NA
OG0004078,NA
OG0004081,long-lived
OG0004082,NA
OG0004083,long-lived
OG0004085,long-lived
OG0004087,NA
OG0004089,NA
OG0004090,NA
OG0004091,long-lived
OG0004092,long-lived
OG0004093,NA
OG0004096,NA
OG0004097,long-lived
OG0004098,NA
OG0004099,NA
OG0004100,NA
OG0004101,long-lived
OG0004103,NA
OG0004104,long-lived
OG0004105,NA
OG0004107,long-lived
OG0004108,NA
OG0004109,NA
OG0004110,NA
OG0004111,NA
OG0004112,NA
OG0004113,NA
OG0004114,long-lived
OG0004115,long-lived
OG0004116,NA
OG0004117,long-lived
OG0004120,NA
OG0004132,long-lived
OG0004133,long-lived
OG0004134,NA
OG0004148,NA
OG0004151,NA
OG0004152,long-lived
OG0004155,long-lived
OG0004161,NA
OG0004162,NA
OG0004165,NA
OG0004166,NA
OG0004169,NA
OG0004170,NA
OG0004172,long-lived
OG0004173,NA
OG0004174,long-lived
OG0004179,NA
OG0004180,NA
OG0004183,NA
OG0004185,NA
OG0004191,NA
OG0004193,NA
OG0004201,long-lived
OG0004202,NA
OG0004206,NA
OG0004210,NA
OG0004216,NA
OG0004217,NA
OG0004220,long-lived
OG0004222,NA
OG0004224,NA
OG0004226,NA
OG0004227,NA
OG0004228,NA
OG0004229,NA
OG0004230,NA
OG0004232,NA
OG0004234,NA
OG0004238,NA
OG0004239,NA
OG0004240,NA
OG0004241,NA
OG0004244,NA
OG0004245,NA
OG0004246,NA
OG0004247,NA
OG0004250,NA
OG0004252,NA
OG0004253,NA
OG0004257,NA
OG0004258,NA
OG0004259,NA
OG0004260,NA
OG0004261,long-lived
OG0004262,NA
OG0004263,NA
OG0004265,NA
OG0004266,long-lived
OG0004267,NA
OG0004268,NA
OG0004269,NA
OG0004270,NA
OG0004272,NA
OG0004273,NA
OG0004274,NA
OG0004275,NA
OG0004276,NA
OG0004277,NA
OG0004279,NA
OG0004282,NA
OG0004283,NA
OG0004284,NA
OG0004285,NA
OG0004286,NA
OG0004287,NA
OG0004288,NA
OG0004289,NA
OG0004292,NA
OG0004294,NA
OG0004295,NA
OG0004296,NA
OG0004297,NA
OG0004298,NA
OG0004300,NA
OG0004301,long-lived
OG0004303,NA
OG0004304,NA
OG0004305,NA
OG0004307,long-lived
OG0004308,NA
OG0004309,NA
OG0004311,NA
OG0004312,NA
OG0004314,NA
OG0004316,NA
OG0004318,long-lived
OG0004320,NA
OG0004321,long-lived
OG0004322,NA
OG0004323,NA
OG0004324,NA
OG0004325,NA
OG0004326,long-lived
OG0004327,long-lived
OG0004328,NA
OG0004333,NA
OG0004336,NA
OG0004337,NA
OG0004338,NA
OG0004339,NA
OG0004340,long-lived
OG0004341,NA
OG0004342,NA
OG0004343,NA
OG0004344,NA
OG0004346,long-lived
OG0004347,NA
OG0004348,NA
OG0004349,NA
OG0004350,NA
OG0004351,NA
OG0004352,NA
OG0004354,NA
OG0004356,long-lived
OG0004358,NA
OG0004361,NA
OG0004362,NA
OG0004363,long-lived
OG0004364,NA
OG0004365,NA
OG0004366,NA
OG0004368,long-lived
OG0004369,long-lived
OG0004370,NA
OG0004371,long-lived
OG0004372,NA
OG0004373,NA
OG0004374,NA
OG0004375,NA
OG0004376,NA
OG0004377,NA
OG0004379,long-lived
OG0004384,long-lived
OG0004385,NA
OG0004386,NA
OG0004388,long-lived
OG0004389,NA
OG0004390,long-lived
OG0004392,NA
OG0004393,NA
OG0004395,NA
OG0004396,NA
OG0004397,NA
OG0004398,NA
OG0004399,NA
OG0004400,NA
OG0004401,NA
OG0004402,NA
OG0004404,NA
OG0004405,NA
OG0004406,NA
OG0004407,NA
OG0004408,long-lived
OG0004409,NA
OG0004410,NA
OG0004411,NA
OG0004412,NA
OG0004413,NA
OG0004414,NA
OG0004415,NA
OG0004416,NA
OG0004417,long-lived
OG0004419,NA
OG0004420,NA
OG0004422,NA
OG0004423,NA
OG0004424,long-lived
OG0004425,NA
OG0004426,long-lived
OG0004427,NA
OG0004428,long-lived
OG0004429,NA
OG0004431,NA
OG0004432,NA
OG0004433,long-lived
OG0004434,NA
OG0004435,NA
OG0004437,NA
OG0004439,NA
OG0004440,NA
OG0004441,NA
OG0004442,NA
OG0004443,NA
OG0004444,NA
OG0004445,NA
OG0004446,long-lived
OG0004449,long-lived
OG0004450,NA
OG0004452,NA
OG0004455,NA
OG0004461,NA
OG0004462,NA
OG0004466,NA
OG0004467,NA
OG0004468,NA
OG0004480,long-lived
OG0004481,NA
OG0004483,NA
OG0004484,NA
OG0004486,NA
OG0004488,NA
OG0004489,long-lived
OG0004490,NA
OG0004492,NA
OG0004493,NA
OG0004495,NA
OG0004496,NA
OG0004498,NA
OG0004499,long-lived
OG0004500,NA
OG0004502,long-lived
OG0004505,NA
OG0004507,NA
OG0004509,NA
OG0004510,NA
OG0004512,NA
OG0004514,NA
OG0004515,NA
OG0004517,NA
OG0004519,NA
OG0004520,NA
OG0004521,NA
OG0004522,NA
OG0004523,NA
OG0004524,NA
OG0004525,NA
OG0004527,long-lived
OG0004533,NA
OG0004536,long-lived
OG0004538,NA
OG0004540,long-lived
OG0004541,NA
OG0004543,NA
OG0004545,NA
OG0004547,NA
OG0004548,NA
OG0004549,NA
OG0004550,NA
OG0004553,NA
OG0004554,NA
OG0004555,NA
OG0004556,NA
OG0004560,NA
OG0004561,NA
OG0004562,NA
OG0004563,NA
OG0004564,NA
OG0004568,NA
OG0004570,NA
OG0004571,NA
OG0004572,long-lived
OG0004574,NA
OG0004575,NA
OG0004576,long-lived
OG0004577,long-lived
OG0004578,long-lived
OG0004580,NA
OG0004581,NA
OG0004583,NA
OG0004584,NA
OG0004586,long-lived
OG0004587,NA
OG0004589,NA
OG0004590,NA
OG0004592,NA
OG0004593,NA
OG0004595,NA
OG0004597,NA
OG0004598,long-lived
OG0004600,NA
OG0004601,NA
OG0004602,NA
OG0004603,NA
OG0004604,NA
OG0004605,NA
OG0004606,long-lived
OG0004607,NA
OG0004608,NA
OG0004609,long-lived
OG0004611,NA
OG0004612,long-lived
OG0004613,NA
OG0004614,NA
OG0004617,NA
OG0004618,NA
OG0004621,NA
OG0004622,NA
OG0004623,NA
OG0004626,NA
OG0004630,NA
OG0004634,long-lived
OG0004635,NA
OG0004636,long-lived
OG0004638,NA
OG0004639,NA
OG0004641,long-lived
OG0004642,long-lived
OG0004644,long-lived
OG0004645,NA
OG0004648,long-lived
OG0004649,long-lived
OG0004650,NA
OG0004651,long-lived
OG0004654,NA
OG0004655,long-lived
OG0004656,NA
OG0004657,NA
OG0004658,NA
OG0004659,NA
OG0004663,NA
OG0004666,NA
OG0004671,long-lived
OG0004672,NA
OG0004674,NA
OG0004675,NA
OG0004677,NA
OG0004680,NA
OG0004681,NA
OG0004685,long-lived
OG0004687,long-lived
OG0004688,NA
OG0004689,NA
OG0004690,NA
OG0004694,NA
OG0004695,NA
OG0004696,NA
OG0004699,NA
OG0004700,NA
OG0004701,NA
OG0004702,NA
OG0004703,NA
OG0004706,NA
OG0004708,long-lived
OG0004711,NA
OG0004712,long-lived
OG0004713,NA
OG0004714,long-lived
OG0004715,NA
OG0004716,NA
OG0004718,NA
OG0004720,NA
OG0004722,NA
OG0004723,NA
OG0004724,NA
OG0004725,NA
OG0004726,NA
OG0004728,NA
OG0004731,NA
OG0004732,NA
OG0004733,NA
OG0004735,NA
OG0004736,NA
OG0004737,NA
OG0004738,long-lived
OG0004739,NA
OG0004740,NA
OG0004741,NA
OG0004742,NA
OG0004744,NA
OG0004745,NA
OG0004746,NA
OG0004747,long-lived
OG0004748,NA
OG0004749,long-lived
OG0004750,NA
OG0004752,NA
OG0004753,NA
OG0004755,NA
OG0004757,long-lived
OG0004758,long-lived
OG0004760,NA
OG0004761,long-lived
OG0004762,NA
OG0004766,NA
OG0004767,long-lived
OG0004769,long-lived
OG0004770,NA
OG0004771,NA
OG0004772,NA
OG0004773,NA
OG0004774,NA
OG0004776,NA
OG0004777,NA
OG0004779,NA
OG0004780,NA
OG0004781,NA
OG0004782,NA
OG0004784,NA
OG0004785,NA
OG0004786,long-lived
OG0004787,long-lived
OG0004788,long-lived
OG0004789,NA
OG0004790,NA
OG0004792,NA
OG0004793,NA
OG0004796,NA
OG0004798,NA
OG0004800,NA
OG0004801,NA
OG0004802,long-lived
OG0004803,long-lived
OG0004804,NA
OG0004806,NA
OG0004807,long-lived
OG0004812,NA
OG0004813,long-lived
OG0004814,NA
OG0004815,NA
OG0004816,NA
OG0004818,NA
OG0004819,NA
OG0004821,NA
OG0004822,NA
OG0004823,NA
OG0004824,NA
OG0004826,NA
OG0004827,NA
OG0004828,long-lived
OG0004829,NA
OG0004830,NA
OG0004831,NA
OG0004833,NA
OG0004834,NA
OG0004835,NA
OG0004836,long-lived
OG0004837,NA
OG0004838,NA
OG0004839,NA
OG0004840,NA
OG0004841,NA
OG0004842,long-lived
OG0004843,NA
OG0004845,NA
OG0004846,NA
OG0004847,NA
OG0004850,NA
OG0004853,NA
OG0004854,NA
OG0004855,NA
OG0004856,NA
OG0004857,NA
OG0004858,NA
OG0004859,NA
OG0004862,NA
OG0004863,long-lived
OG0004865,long-lived
OG0004866,NA
OG0004867,NA
OG0004868,NA
OG0004869,NA
OG0004870,NA
OG0004871,NA
OG0004872,long-lived
OG0004873,NA
OG0004875,NA
OG0004876,NA
OG0004879,NA
OG0004880,NA
OG0004881,NA
OG0004882,NA
OG0004883,NA
OG0004884,long-lived
OG0004885,long-lived
OG0004886,NA
OG0004887,NA
OG0004888,NA
OG0004889,NA
OG0004890,NA
OG0004891,NA
OG0004892,NA
OG0004893,NA
OG0004894,NA
OG0004895,NA
OG0004896,NA
OG0004898,NA
OG0004901,long-lived
OG0004903,NA
OG0004904,long-lived
OG0004905,NA
OG0004907,NA
OG0004908,NA
OG0004909,NA
OG0004911,NA
OG0004912,NA
OG0004913,NA
OG0004914,NA
OG0004915,NA
OG0004916,NA
OG0004917,NA
OG0004919,NA
OG0004920,NA
OG0004921,NA
OG0004922,long-lived
OG0004923,NA
OG0004924,NA
OG0004925,NA
OG0004927,long-lived
OG0004928,NA
OG0004929,NA
OG0004930,long-lived
OG0004931,long-lived
OG0004935,long-lived
OG0004936,NA
OG0004937,NA
OG0004938,NA
OG0004940,NA
OG0004941,NA
OG0004942,NA
OG0004943,NA
OG0004944,long-lived
OG0004945,NA
OG0004947,NA
OG0004950,long-lived
OG0004951,NA
OG0004952,NA
OG0004953,NA
OG0004956,NA
OG0004957,NA
OG0004958,NA
OG0004959,NA
OG0004960,NA
OG0004961,NA
OG0004962,NA
OG0004963,long-lived
OG0004964,long-lived
OG0004965,NA
OG0004966,NA
OG0004967,NA
OG0004968,NA
OG0004971,NA
OG0004973,NA
OG0004976,NA
OG0004978,NA
OG0004980,long-lived
OG0004981,NA
OG0004982,NA
OG0004984,NA
OG0004985,NA
OG0004987,NA
OG0004988,long-lived
OG0004991,NA
OG0004992,long-lived
OG0005004,NA
OG0005005,NA
OG0005007,NA
OG0005010,NA
OG0005011,NA
OG0005012,long-lived
OG0005013,long-lived
OG0005014,NA
OG0005015,NA
OG0005016,NA
OG0005017,NA
OG0005020,NA
OG0005021,NA
OG0005022,NA
OG0005023,long-lived
OG0005025,NA
OG0005026,NA
OG0005027,NA
OG0005028,NA
OG0005031,NA
OG0005032,NA
OG0005037,NA
OG0005039,long-lived
OG0005041,NA
OG0005042,NA
OG0005043,NA
OG0005044,NA
OG0005045,NA
OG0005046,NA
OG0005047,long-lived
OG0005048,NA
OG0005049,NA
OG0005050,NA
OG0005051,NA
OG0005052,NA
OG0005053,NA
OG0005054,NA
OG0005055,NA
OG0005056,NA
OG0005058,NA
OG0005061,NA
OG0005062,NA
OG0005063,NA
OG0005064,NA
OG0005066,NA
OG0005068,NA
OG0005075,NA
OG0005076,NA
OG0005078,NA
OG0005079,NA
OG0005080,NA
OG0005083,NA
OG0005084,NA
OG0005085,NA
OG0005087,NA
OG0005088,NA
OG0005089,long-lived
OG0005090,NA
OG0005091,NA
OG0005093,NA
OG0005094,long-lived
OG0005095,NA
OG0005096,NA
OG0005097,long-lived
OG0005099,NA
OG0005100,NA
OG0005101,long-lived
OG0005102,NA
OG0005104,NA
OG0005105,NA
OG0005106,NA
OG0005108,NA
OG0005109,long-lived
OG0005110,NA
OG0005111,NA
OG0005112,NA
OG0005113,NA
OG0005114,long-lived
OG0005116,NA
OG0005118,NA
OG0005119,NA
OG0005120,NA
OG0005121,NA
OG0005122,NA
OG0005123,NA
OG0005124,NA
OG0005125,NA
OG0005126,NA
OG0005128,NA
OG0005129,NA
OG0005130,NA
OG0005131,long-lived
OG0005132,NA
OG0005133,NA
OG0005134,NA
OG0005135,long-lived
OG0005136,NA
OG0005137,NA
OG0005138,NA
OG0005139,NA
OG0005141,NA
OG0005142,NA
OG0005143,NA
OG0005144,NA
OG0005145,NA
OG0005147,NA
OG0005149,long-lived
OG0005151,NA
OG0005152,NA
OG0005154,NA
OG0005155,long-lived
OG0005156,long-lived
OG0005159,NA
OG0005160,long-lived
OG0005161,NA
OG0005163,NA
OG0005164,NA
OG0005165,NA
OG0005166,NA
OG0005169,NA
OG0005170,NA
OG0005172,NA
OG0005173,NA
OG0005175,NA
OG0005176,NA
OG0005177,NA
OG0005178,NA
OG0005179,NA
OG0005182,NA
OG0005183,NA
OG0005184,NA
OG0005185,NA
OG0005186,NA
OG0005187,NA
OG0005188,NA
OG0005191,NA
OG0005193,NA
OG0005194,NA
OG0005195,long-lived
OG0005199,NA
OG0005201,NA
OG0005202,NA
OG0005204,NA
OG0005205,long-lived
OG0005206,NA
OG0005207,NA
OG0005208,NA
OG0005209,long-lived
OG0005210,long-lived
OG0005211,NA
OG0005214,NA
OG0005215,NA
OG0005217,NA
OG0005218,NA
OG0005219,NA
OG0005220,NA
OG0005223,long-lived
OG0005225,NA
OG0005228,long-lived
OG0005230,NA
OG0005231,NA
OG0005232,NA
OG0005233,NA
OG0005235,long-lived
OG0005236,NA
OG0005238,NA
OG0005239,NA
OG0005240,NA
OG0005241,NA
OG0005243,NA
OG0005244,NA
OG0005245,NA
OG0005246,NA
OG0005247,NA
OG0005248,NA
OG0005249,NA
OG0005250,NA
OG0005251,long-lived
OG0005254,NA
OG0005255,NA
OG0005256,NA
OG0005257,NA
OG0005258,NA
OG0005259,NA
OG0005260,NA
OG0005262,NA
OG0005263,long-lived
OG0005264,NA
OG0005269,NA
OG0005270,NA
OG0005271,NA
OG0005274,NA
OG0005275,NA
OG0005277,NA
OG0005278,NA
OG0005280,NA
OG0005281,NA
OG0005282,long-lived
OG0005283,NA
OG0005284,NA
OG0005285,NA
OG0005288,NA
OG0005290,NA
OG0005291,NA
OG0005292,NA
OG0005293,NA
OG0005295,NA
OG0005296,NA
OG0005297,NA
OG0005298,NA
OG0005299,long-lived
OG0005302,NA
OG0005303,NA
OG0005304,NA
OG0005306,NA
OG0005309,long-lived
OG0005310,long-lived
OG0005311,NA
OG0005312,NA
OG0005313,NA
OG0005314,NA
OG0005315,NA
OG0005316,NA
OG0005317,NA
OG0005318,NA
OG0005320,NA
OG0005321,NA
OG0005322,NA
OG0005324,NA
OG0005325,long-lived
OG0005326,NA
OG0005327,NA
OG0005328,NA
OG0005329,NA
OG0005330,NA
OG0005335,NA
OG0005336,NA
OG0005338,NA
OG0005339,NA
OG0005340,NA
OG0005341,long-lived
OG0005342,NA
OG0005343,long-lived
OG0005344,NA
OG0005345,NA
OG0005347,NA
OG0005348,NA
OG0005349,NA
OG0005350,NA
OG0005351,NA
OG0005352,long-lived
OG0005353,NA
OG0005354,NA
OG0005355,NA
OG0005356,NA
OG0005357,NA
OG0005358,NA
OG0005359,NA
OG0005360,NA
OG0005362,NA
OG0005363,NA
OG0005364,NA
OG0005365,NA
OG0005367,NA
OG0005368,NA
OG0005371,NA
OG0005372,long-lived
OG0005373,long-lived
OG0005374,NA
OG0005375,long-lived
OG0005376,long-lived
OG0005378,NA
OG0005380,NA
OG0005381,NA
OG0005382,NA
OG0005383,NA
OG0005384,NA
OG0005385,long-lived
OG0005387,long-lived
OG0005388,NA
OG0005389,NA
OG0005390,long-lived
OG0005392,long-lived
OG0005393,NA
OG0005394,long-lived
OG0005395,NA
OG0005396,NA
OG0005397,NA
OG0005398,NA
OG0005399,NA
OG0005400,long-lived
OG0005401,NA
OG0005402,NA
OG0005408,long-lived
OG0005410,NA
OG0005411,NA
OG0005412,NA
OG0005414,NA
OG0005415,NA
OG0005416,NA
OG0005417,NA
OG0005418,NA
OG0005419,NA
OG0005420,long-lived
OG0005421,NA
OG0005422,NA
OG0005423,NA
OG0005424,NA
OG0005426,long-lived
OG0005427,NA
OG0005428,NA
OG0005429,NA
OG0005430,NA
OG0005433,NA
OG0005434,long-lived
OG0005435,NA
OG0005436,NA
OG0005437,long-lived
OG0005438,NA
OG0005440,NA
OG0005442,NA
OG0005444,NA
OG0005445,long-lived
OG0005446,NA
OG0005447,long-lived
OG0005448,NA
OG0005449,NA
OG0005450,long-lived
OG0005451,NA
OG0005452,NA
OG0005454,NA
OG0005455,NA
OG0005458,NA
OG0005460,NA
OG0005461,NA
OG0005462,NA
OG0005465,NA
OG0005466,NA
OG0005467,NA
OG0005468,NA
OG0005469,NA
OG0005470,NA
OG0005471,long-lived
OG0005472,NA
OG0005473,NA
OG0005474,NA
OG0005475,NA
OG0005476,NA
OG0005478,NA
OG0005480,NA
OG0005481,long-lived
OG0005482,NA
OG0005483,NA
OG0005484,NA
OG0005485,NA
OG0005487,NA
OG0005490,NA
OG0005492,NA
OG0005495,NA
OG0005496,NA
OG0005499,NA
OG0005500,NA
OG0005502,NA
OG0005504,NA
OG0005505,NA
OG0005506,NA
OG0005509,NA
OG0005510,NA
OG0005511,NA
OG0005513,NA
OG0005516,NA
OG0005517,NA
OG0005518,NA
OG0005519,NA
OG0005520,NA
OG0005522,NA
OG0005523,NA
OG0005524,NA
OG0005525,NA
OG0005526,NA
OG0005527,NA
OG0005528,NA
OG0005529,NA
OG0005530,long-lived
OG0005533,NA
OG0005534,NA
OG0005538,NA
OG0005539,NA
OG0005541,NA
OG0005542,NA
OG0005543,NA
OG0005547,NA
OG0005548,NA
OG0005549,NA
OG0005553,NA
OG0005554,NA
OG0005555,NA
OG0005556,NA
OG0005557,NA
OG0005558,NA
OG0005559,NA
OG0005560,long-lived
OG0005561,long-lived
OG0005563,NA
OG0005564,NA
OG0005565,NA
OG0005566,NA
OG0005569,NA
OG0005571,NA
OG0005573,NA
OG0005574,NA
OG0005575,NA
OG0005576,NA
OG0005577,NA
OG0005578,long-lived
OG0005579,NA
OG0005580,NA
OG0005581,NA
OG0005582,long-lived
OG0005583,NA
OG0005584,NA
OG0005585,long-lived
OG0005586,NA
OG0005587,NA
OG0005588,NA
OG0005589,NA
OG0005590,NA
OG0005591,NA
OG0005592,long-lived
OG0005593,long-lived
OG0005595,NA
OG0005596,NA
OG0005597,long-lived
OG0005598,NA
OG0005599,NA
OG0005601,long-lived
OG0005602,NA
OG0005603,NA
OG0005604,NA
OG0005605,NA
OG0005606,NA
OG0005607,long-lived
OG0005608,NA
OG0005609,NA
OG0005610,NA
OG0005611,NA
OG0005612,long-lived
OG0005613,NA
OG0005614,NA
OG0005616,long-lived
OG0005617,NA
OG0005619,long-lived
OG0005620,NA
OG0005622,NA
OG0005623,NA
OG0005624,NA
OG0005626,NA
OG0005627,long-lived
OG0005628,long-lived
OG0005629,NA
OG0005630,NA
OG0005631,NA
OG0005632,NA
OG0005634,NA
OG0005635,long-lived
OG0005636,NA
OG0005637,NA
OG0005638,NA
OG0005639,NA
OG0005640,NA
OG0005641,NA
OG0005642,NA
OG0005643,NA
OG0005644,long-lived
OG0005645,NA
OG0005646,NA
OG0005647,NA
OG0005648,long-lived
OG0005649,long-lived
OG0005650,NA
OG0005652,NA
OG0005653,NA
OG0005654,NA
OG0005655,NA
OG0005656,long-lived
OG0005660,NA
OG0005661,long-lived
OG0005662,NA
OG0005663,NA
OG0005664,NA
OG0005665,long-lived
OG0005666,long-lived
OG0005667,long-lived
OG0005668,NA
OG0005669,long-lived
OG0005670,long-lived
OG0005671,NA
OG0005672,long-lived
OG0005675,NA
OG0005680,NA
OG0005681,NA
OG0005686,NA
OG0005687,NA
OG0005688,long-lived
OG0005689,NA
OG0005691,NA
OG0005692,NA
OG0005693,NA
OG0005694,long-lived
OG0005695,NA
OG0005696,NA
OG0005704,NA
OG0005705,NA
OG0005707,NA
OG0005711,NA
OG0005727,NA
OG0005728,NA
OG0005732,NA
OG0005735,NA
OG0005736,NA
OG0005737,long-lived
OG0005740,NA
OG0005741,long-lived
OG0005742,NA
OG0005746,NA
OG0005747,NA
OG0005748,NA
OG0005749,long-lived
OG0005751,NA
OG0005752,NA
OG0005754,NA
OG0005755,NA
OG0005757,long-lived
OG0005758,NA
OG0005759,long-lived
OG0005760,NA
OG0005761,NA
OG0005762,NA
OG0005763,NA
OG0005765,NA
OG0005766,long-lived
OG0005767,NA
OG0005770,NA
OG0005774,NA
OG0005780,NA
OG0005781,NA
OG0005782,NA
OG0005783,NA
OG0005785,NA
OG0005788,NA
OG0005789,long-lived
OG0005790,NA
OG0005791,long-lived
OG0005792,NA
OG0005793,NA
OG0005794,NA
OG0005797,NA
OG0005798,NA
OG0005799,NA
OG0005800,NA
OG0005801,NA
OG0005804,NA
OG0005805,NA
OG0005807,NA
OG0005809,NA
OG0005812,NA
OG0005813,NA
OG0005815,NA
OG0005816,NA
OG0005818,NA
OG0005819,NA
OG0005820,NA
OG0005821,NA
OG0005822,NA
OG0005823,NA
OG0005827,NA
OG0005830,NA
OG0005832,NA
OG0005833,NA
OG0005834,long-lived
OG0005835,NA
OG0005836,long-lived
OG0005837,NA
OG0005838,NA
OG0005839,NA
OG0005840,NA
OG0005841,NA
OG0005842,NA
OG0005844,NA
OG0005845,NA
OG0005848,NA
OG0005849,NA
OG0005850,NA
OG0005851,NA
OG0005852,NA
OG0005854,NA
OG0005856,NA
OG0005858,long-lived
OG0005859,NA
OG0005860,NA
OG0005861,NA
OG0005862,long-lived
OG0005863,NA
OG0005864,NA
OG0005865,long-lived
OG0005866,NA
OG0005868,long-lived
OG0005870,NA
OG0005871,NA
OG0005873,NA
OG0005875,NA
OG0005876,long-lived
OG0005877,NA
OG0005878,NA
OG0005879,NA
OG0005880,NA
OG0005882,NA
OG0005884,long-lived
OG0005886,NA
OG0005887,NA
OG0005889,NA
OG0005892,long-lived
OG0005894,NA
OG0005898,NA
OG0005899,NA
OG0005901,NA
OG0005902,long-lived
OG0005903,NA
OG0005904,NA
OG0005905,NA
OG0005906,NA
OG0005907,NA
OG0005908,NA
OG0005909,NA
OG0005910,NA
OG0005914,long-lived
OG0005915,NA
OG0005916,NA
OG0005918,NA
OG0005919,NA
OG0005921,NA
OG0005922,NA
OG0005923,NA
OG0005925,NA
OG0005926,NA
OG0005928,NA
OG0005929,NA
OG0005931,long-lived
OG0005934,NA
OG0005935,NA
OG0005936,NA
OG0005937,NA
OG0005938,NA
OG0005939,NA
OG0005940,NA
OG0005942,long-lived
OG0005943,NA
OG0005946,NA
OG0005947,NA
OG0005949,NA
OG0005950,NA
OG0005952,NA
OG0005953,NA
OG0005955,NA
OG0005956,long-lived
OG0005957,long-lived
OG0005959,NA
OG0005960,NA
OG0005962,long-lived
OG0005963,NA
OG0005964,NA
OG0005965,NA
OG0005966,NA
OG0005968,long-lived
OG0005971,NA
OG0005973,long-lived
OG0005974,long-lived
OG0005975,NA
OG0005977,NA
OG0005978,NA
OG0005980,NA
OG0005981,NA
OG0005982,NA
OG0005983,NA
OG0005984,NA
OG0005985,NA
OG0005986,long-lived
OG0005987,NA
OG0005988,long-lived
OG0005989,NA
OG0005990,NA
OG0005993,NA
OG0005995,long-lived
OG0005997,NA
OG0005999,NA
OG0006000,long-lived
OG0006003,NA
OG0006004,NA
OG0006007,NA
OG0006008,NA
OG0006009,NA
OG0006010,NA
OG0006011,NA
OG0006012,NA
OG0006015,NA
OG0006016,NA
OG0006018,long-lived
OG0006019,NA
OG0006020,NA
OG0006022,NA
OG0006024,long-lived
OG0006025,NA
OG0006026,NA
OG0006028,NA
OG0006030,long-lived
OG0006033,NA
OG0006034,long-lived
OG0006035,NA
OG0006036,long-lived
OG0006037,NA
OG0006038,NA
OG0006039,NA
OG0006040,NA
OG0006043,NA
OG0006044,NA
OG0006046,long-lived
OG0006048,NA
OG0006050,NA
OG0006051,NA
OG0006053,NA
OG0006054,NA
OG0006056,NA
OG0006057,NA
OG0006058,NA
OG0006059,NA
OG0006060,NA
OG0006061,NA
OG0006062,NA
OG0006063,NA
OG0006064,NA
OG0006065,NA
OG0006066,NA
OG0006067,NA
OG0006068,NA
OG0006069,NA
OG0006072,long-lived
OG0006075,long-lived
OG0006076,NA
OG0006077,NA
OG0006078,NA
OG0006079,NA
OG0006081,NA
OG0006082,long-lived
OG0006084,NA
OG0006086,NA
OG0006090,NA
OG0006092,NA
OG0006094,NA
OG0006095,NA
OG0006096,NA
OG0006098,NA
OG0006101,long-lived
OG0006102,long-lived
OG0006104,NA
OG0006105,NA
OG0006107,NA
OG0006108,NA
OG0006109,long-lived
OG0006110,NA
OG0006112,NA
OG0006113,NA
OG0006114,long-lived
OG0006115,NA
OG0006116,NA
OG0006117,long-lived
OG0006118,NA
OG0006123,NA
OG0006124,long-lived
OG0006125,NA
OG0006127,NA
OG0006128,NA
OG0006129,NA
OG0006130,NA
OG0006131,NA
OG0006132,NA
OG0006135,NA
OG0006136,NA
OG0006138,NA
OG0006139,NA
OG0006142,long-lived
OG0006143,NA
OG0006144,NA
OG0006145,NA
OG0006146,NA
OG0006147,long-lived
OG0006149,NA
OG0006150,long-lived
OG0006151,NA
OG0006152,NA
OG0006153,long-lived
OG0006154,NA
OG0006155,NA
OG0006156,NA
OG0006157,NA
OG0006158,NA
OG0006161,NA
OG0006162,NA
OG0006163,NA
OG0006164,NA
OG0006165,NA
OG0006168,NA
OG0006169,NA
OG0006172,NA
OG0006173,NA
OG0006174,NA
OG0006176,NA
OG0006177,NA
OG0006178,NA
OG0006180,NA
OG0006182,NA
OG0006184,long-lived
OG0006186,NA
OG0006187,NA
OG0006188,NA
OG0006189,NA
OG0006192,NA
OG0006193,NA
OG0006194,NA
OG0006195,long-lived
OG0006196,NA
OG0006197,NA
OG0006198,long-lived
OG0006202,NA
OG0006203,NA
OG0006204,long-lived
OG0006205,NA
OG0006206,NA
OG0006207,long-lived
OG0006210,NA
OG0006211,NA
OG0006213,NA
OG0006214,NA
OG0006217,NA
OG0006218,NA
OG0006220,NA
OG0006221,NA
OG0006222,NA
OG0006223,NA
OG0006224,long-lived
OG0006226,long-lived
OG0006227,NA
OG0006230,NA
OG0006231,NA
OG0006232,NA
OG0006234,NA
OG0006235,NA
OG0006236,NA
OG0006237,NA
OG0006239,NA
OG0006240,long-lived
OG0006242,NA
OG0006244,NA
OG0006245,NA
OG0006250,long-lived
OG0006251,NA
OG0006253,NA
OG0006254,long-lived
OG0006255,NA
OG0006257,NA
OG0006264,NA
OG0006266,long-lived
OG0006268,NA
OG0006269,long-lived
OG0006271,NA
OG0006272,NA
OG0006273,NA
OG0006274,NA
OG0006276,NA
OG0006277,NA
OG0006278,long-lived
OG0006280,NA
OG0006281,NA
OG0006282,NA
OG0006284,NA
OG0006285,NA
OG0006286,NA
OG0006288,NA
OG0006289,NA
OG0006290,NA
OG0006292,NA
OG0006293,NA
OG0006294,NA
OG0006295,NA
OG0006296,NA
OG0006297,NA
OG0006298,NA
OG0006299,NA
OG0006301,NA
OG0006302,NA
OG0006303,NA
OG0006304,long-lived
OG0006307,long-lived
OG0006308,NA
OG0006310,NA
OG0006312,NA
OG0006313,long-lived
OG0006314,NA
OG0006315,NA
OG0006316,NA
OG0006318,NA
OG0006319,NA
OG0006321,NA
OG0006322,long-lived
OG0006324,NA
OG0006325,NA
OG0006326,NA
OG0006327,NA
OG0006329,NA
OG0006330,NA
OG0006331,NA
OG0006334,NA
OG0006335,NA
OG0006336,NA
OG0006337,NA
OG0006338,long-lived
OG0006339,NA
OG0006340,NA
OG0006341,NA
OG0006342,NA
OG0006343,NA
OG0006344,NA
OG0006346,NA
OG0006347,long-lived
OG0006349,NA
OG0006351,NA
OG0006352,NA
OG0006353,NA
OG0006354,NA
OG0006355,NA
OG0006356,NA
OG0006358,NA
OG0006359,NA
OG0006360,NA
OG0006361,NA
OG0006362,NA
OG0006364,NA
OG0006365,long-lived
OG0006368,NA
OG0006369,NA
OG0006370,NA
OG0006371,NA
OG0006373,NA
OG0006374,NA
OG0006375,NA
OG0006376,long-lived
OG0006377,NA
OG0006378,NA
OG0006379,NA
OG0006381,NA
OG0006382,long-lived
OG0006383,NA
OG0006384,NA
OG0006385,NA
OG0006386,NA
OG0006387,NA
OG0006388,long-lived
OG0006389,NA
OG0006390,NA
OG0006391,NA
OG0006392,NA
OG0006393,NA
OG0006394,NA
OG0006397,long-lived
OG0006398,NA
OG0006401,NA
OG0006403,long-lived
OG0006404,NA
OG0006406,NA
OG0006407,NA
OG0006408,long-lived
OG0006409,NA
OG0006410,NA
OG0006412,long-lived
OG0006413,NA
OG0006415,NA
OG0006416,NA
OG0006417,NA
OG0006418,NA
OG0006419,NA
OG0006420,long-lived
OG0006422,long-lived
OG0006423,NA
OG0006424,NA
OG0006425,long-lived
OG0006428,NA
OG0006429,NA
OG0006432,NA
OG0006433,NA
OG0006434,NA
OG0006435,NA
OG0006437,NA
OG0006438,NA
OG0006439,NA
OG0006440,NA
OG0006441,long-lived
OG0006442,NA
OG0006443,NA
OG0006444,NA
OG0006445,NA
OG0006446,long-lived
OG0006447,NA
OG0006449,NA
OG0006451,NA
OG0006452,NA
OG0006453,NA
OG0006455,NA
OG0006457,NA
OG0006458,NA
OG0006459,NA
OG0006461,NA
OG0006463,NA
OG0006464,long-lived
OG0006465,NA
OG0006466,NA
OG0006467,NA
OG0006468,long-lived
OG0006469,long-lived
OG0006470,NA
OG0006471,NA
OG0006472,NA
OG0006473,NA
OG0006474,NA
OG0006475,NA
OG0006476,NA
OG0006478,NA
OG0006479,NA
OG0006480,NA
OG0006481,NA
OG0006483,NA
OG0006484,NA
OG0006486,long-lived
OG0006487,long-lived
OG0006488,NA
OG0006489,NA
OG0006490,NA
OG0006491,NA
OG0006492,NA
OG0006493,NA
OG0006495,NA
OG0006496,NA
OG0006497,NA
OG0006499,NA
OG0006500,NA
OG0006501,NA
OG0006503,NA
OG0006506,NA
OG0006508,long-lived
OG0006509,NA
OG0006510,NA
OG0006512,long-lived
OG0006513,NA
OG0006514,NA
OG0006515,long-lived
OG0006516,NA
OG0006517,NA
OG0006519,NA
OG0006522,NA
OG0006523,NA
OG0006524,NA
OG0006525,NA
OG0006526,long-lived
OG0006528,long-lived
OG0006529,NA
OG0006530,NA
OG0006531,NA
OG0006533,NA
OG0006534,long-lived
OG0006536,long-lived
OG0006538,NA
OG0006540,long-lived
OG0006541,NA
OG0006542,long-lived
OG0006543,NA
OG0006544,NA
OG0006545,NA
OG0006546,NA
OG0006547,NA
OG0006550,NA
OG0006551,NA
OG0006553,NA
OG0006554,NA
OG0006555,NA
OG0006556,NA
OG0006557,NA
OG0006558,NA
OG0006559,NA
OG0006560,NA
OG0006562,long-lived
OG0006563,NA
OG0006564,NA
OG0006565,long-lived
OG0006567,NA
OG0006568,NA
OG0006570,long-lived
OG0006572,NA
OG0006575,NA
OG0006576,long-lived
OG0006577,long-lived
OG0006578,NA
OG0006580,NA
OG0006581,NA
OG0006583,NA
OG0006584,NA
OG0006585,NA
OG0006586,NA
OG0006587,NA
OG0006588,NA
OG0006589,NA
OG0006590,NA
OG0006591,NA
OG0006592,NA
OG0006594,NA
OG0006595,NA
OG0006596,long-lived
OG0006597,NA
OG0006598,NA
OG0006600,NA
OG0006601,NA
OG0006603,NA
OG0006604,NA
OG0006607,NA
OG0006609,NA
OG0006610,NA
OG0006612,NA
OG0006613,NA
OG0006614,NA
OG0006615,NA
OG0006616,NA
OG0006619,long-lived
OG0006620,NA
OG0006621,long-lived
OG0006622,NA
OG0006623,long-lived
OG0006625,NA
OG0006628,NA
OG0006629,NA
OG0006630,NA
OG0006631,long-lived
OG0006632,NA
OG0006633,NA
OG0006634,NA
OG0006635,long-lived
OG0006636,NA
OG0006637,NA
OG0006638,NA
OG0006639,long-lived
OG0006641,NA
OG0006642,NA
OG0006643,long-lived
OG0006644,NA
OG0006645,NA
OG0006646,NA
OG0006647,NA
OG0006648,long-lived
OG0006649,NA
OG0006650,long-lived
OG0006651,NA
OG0006652,NA
OG0006654,NA
OG0006655,NA
OG0006657,long-lived
OG0006658,NA
OG0006659,NA
OG0006660,NA
OG0006661,long-lived
OG0006662,NA
OG0006664,long-lived
OG0006665,long-lived
OG0006666,NA
OG0006667,NA
OG0006668,NA
OG0006669,NA
OG0006670,NA
OG0006671,long-lived
OG0006672,long-lived
OG0006673,NA
OG0006674,NA
OG0006675,long-lived
OG0006678,NA
OG0006682,NA
OG0006683,NA
OG0006684,long-lived
OG0006685,NA
OG0006688,long-lived
OG0006689,NA
OG0006690,NA
OG0006691,NA
OG0006693,NA
OG0006694,NA
OG0006695,NA
OG0006696,NA
OG0006697,NA
OG0006698,long-lived
OG0006700,NA
OG0006702,NA
OG0006704,NA
OG0006708,NA
OG0006713,NA
OG0006714,long-lived
OG0006715,NA
OG0006718,NA
OG0006721,NA
OG0006722,NA
OG0006724,NA
OG0006725,NA
OG0006727,NA
OG0006732,NA
OG0006735,long-lived
OG0006736,NA
OG0006737,NA
OG0006738,NA
OG0006739,NA
OG0006741,NA
OG0006742,NA
OG0006743,NA
OG0006744,long-lived
OG0006745,NA
OG0006752,NA
OG0006754,NA
OG0006755,NA
OG0006759,long-lived
OG0006764,long-lived
OG0006765,NA
OG0006768,long-lived
OG0006769,NA
OG0006770,NA
OG0006771,long-lived
OG0006772,long-lived
OG0006773,NA
OG0006774,NA
OG0006775,NA
OG0006776,NA
OG0006777,NA
OG0006778,NA
OG0006779,NA
OG0006780,NA
OG0006781,NA
OG0006783,NA
OG0006784,long-lived
OG0006785,NA
OG0006787,NA
OG0006789,long-lived
OG0006790,NA
OG0006793,NA
OG0006795,NA
OG0006796,long-lived
OG0006797,NA
OG0006799,NA
OG0006800,NA
OG0006801,NA
OG0006802,long-lived
OG0006803,NA
OG0006804,NA
OG0006805,NA
OG0006806,NA
OG0006807,NA
OG0006809,NA
OG0006813,NA
OG0006815,NA
OG0006816,long-lived
OG0006818,NA
OG0006820,NA
OG0006821,NA
OG0006823,NA
OG0006825,NA
OG0006829,NA
OG0006830,NA
OG0006831,NA
OG0006832,NA
OG0006835,NA
OG0006836,NA
OG0006837,long-lived
OG0006839,NA
OG0006840,NA
OG0006841,NA
OG0006843,long-lived
OG0006848,NA
OG0006849,NA
OG0006850,NA
OG0006851,NA
OG0006854,NA
OG0006855,NA
OG0006856,NA
OG0006857,NA
OG0006859,NA
OG0006860,NA
OG0006862,NA
OG0006864,NA
OG0006866,NA
OG0006867,NA
OG0006868,NA
OG0006869,NA
OG0006870,long-lived
OG0006872,long-lived
OG0006875,NA
OG0006877,NA
OG0006878,NA
OG0006879,NA
OG0006880,NA
OG0006881,NA
OG0006882,long-lived
OG0006885,NA
OG0006886,NA
OG0006888,NA
OG0006889,NA
OG0006892,NA
OG0006894,NA
OG0006895,NA
OG0006897,NA
OG0006898,NA
OG0006899,NA
OG0006900,long-lived
OG0006902,NA
OG0006903,NA
OG0006904,NA
OG0006906,NA
OG0006908,NA
OG0006909,long-lived
OG0006910,NA
OG0006913,NA
OG0006914,long-lived
OG0006915,long-lived
OG0006916,long-lived
OG0006919,NA
OG0006920,NA
OG0006923,NA
OG0006925,long-lived
OG0006926,NA
OG0006927,NA
OG0006928,NA
OG0006930,NA
OG0006932,NA
OG0006933,NA
OG0006934,NA
OG0006935,NA
OG0006938,NA
OG0006940,NA
OG0006941,NA
OG0006942,NA
OG0006943,NA
OG0006944,NA
OG0006945,NA
OG0006946,long-lived
OG0006948,NA
OG0006949,NA
OG0006952,long-lived
OG0006953,NA
OG0006954,NA
OG0006955,NA
OG0006956,NA
OG0006958,NA
OG0006959,long-lived
OG0006962,NA
OG0006963,long-lived
OG0006964,NA
OG0006965,NA
OG0006966,NA
OG0006967,NA
OG0006968,NA
OG0006970,NA
OG0006971,NA
OG0006973,NA
OG0006974,long-lived
OG0006975,NA
OG0006976,NA
OG0006977,NA
OG0006979,NA
OG0006981,long-lived
OG0006982,NA
OG0006983,NA
OG0006984,long-lived
OG0006985,NA
OG0006986,NA
OG0006987,NA
OG0006988,NA
OG0006990,NA
OG0006991,NA
OG0006993,long-lived
OG0006994,NA
OG0006995,NA
OG0006996,NA
OG0006997,NA
OG0006999,NA
OG0007001,NA
OG0007002,NA
OG0007003,NA
OG0007005,NA
OG0007006,NA
OG0007007,NA
OG0007008,NA
OG0007009,NA
OG0007010,NA
OG0007011,NA
OG0007013,NA
OG0007014,NA
OG0007015,long-lived
OG0007016,NA
OG0007018,NA
OG0007020,NA
OG0007021,NA
OG0007022,NA
OG0007023,NA
OG0007024,NA
OG0007025,NA
OG0007029,NA
OG0007030,NA
OG0007036,NA
OG0007037,NA
OG0007039,NA
OG0007040,NA
OG0007042,NA
OG0007045,NA
OG0007046,NA
OG0007047,NA
OG0007048,NA
OG0007050,NA
OG0007052,NA
OG0007053,NA
OG0007054,NA
OG0007055,long-lived
OG0007056,NA
OG0007057,NA
OG0007058,NA
OG0007061,NA
OG0007064,long-lived
OG0007065,NA
OG0007066,NA
OG0007067,NA
OG0007071,NA
OG0007072,long-lived
OG0007073,NA
OG0007074,NA
OG0007080,NA
OG0007081,NA
OG0007082,NA
OG0007083,NA
OG0007084,NA
OG0007085,long-lived
OG0007087,NA
OG0007088,NA
OG0007089,NA
OG0007090,NA
OG0007091,NA
OG0007092,NA
OG0007093,NA
OG0007096,NA
OG0007097,NA
OG0007098,NA
OG0007099,NA
OG0007101,long-lived
OG0007102,long-lived
OG0007103,NA
OG0007107,NA
OG0007109,NA
OG0007110,NA
OG0007111,NA
OG0007112,NA
OG0007113,NA
OG0007114,NA
OG0007117,NA
OG0007118,NA
OG0007121,long-lived
OG0007123,NA
OG0007124,long-lived
OG0007125,NA
OG0007126,NA
OG0007128,NA
OG0007131,NA
OG0007132,long-lived
OG0007133,long-lived
OG0007135,NA
OG0007137,NA
OG0007140,NA
OG0007141,NA
OG0007142,NA
OG0007144,NA
OG0007145,long-lived
OG0007147,NA
OG0007148,NA
OG0007149,NA
OG0007151,NA
OG0007152,long-lived
OG0007153,long-lived
OG0007154,NA
OG0007155,NA
OG0007157,long-lived
OG0007158,NA
OG0007159,NA
OG0007160,NA
OG0007161,NA
OG0007162,NA
OG0007163,NA
OG0007164,NA
OG0007165,NA
OG0007167,long-lived
OG0007168,long-lived
OG0007169,NA
OG0007172,long-lived
OG0007173,NA
OG0007174,NA
OG0007175,long-lived
OG0007177,NA
OG0007178,NA
OG0007179,NA
OG0007182,NA
OG0007183,NA
OG0007184,NA
OG0007185,NA
OG0007186,long-lived
OG0007187,NA
OG0007190,NA
OG0007191,NA
OG0007192,NA
OG0007193,NA
OG0007194,NA
OG0007196,NA
OG0007197,NA
OG0007198,NA
OG0007200,NA
OG0007201,NA
OG0007203,NA
OG0007204,NA
OG0007206,NA
OG0007208,NA
OG0007210,NA
OG0007212,NA
OG0007213,NA
OG0007214,NA
OG0007215,NA
OG0007216,NA
OG0007217,NA
OG0007219,NA
OG0007220,NA
OG0007222,NA
OG0007224,NA
OG0007226,long-lived
OG0007227,NA
OG0007228,NA
OG0007229,NA
OG0007230,NA
OG0007231,NA
OG0007232,NA
OG0007233,NA
OG0007234,NA
OG0007236,NA
OG0007238,NA
OG0007239,NA
OG0007243,NA
OG0007244,NA
OG0007246,long-lived
OG0007247,NA
OG0007250,long-lived
OG0007251,NA
OG0007252,NA
OG0007254,NA
OG0007257,NA
OG0007258,NA
OG0007259,long-lived
OG0007260,NA
OG0007263,NA
OG0007264,NA
OG0007265,NA
OG0007266,long-lived
OG0007268,NA
OG0007269,NA
OG0007273,NA
OG0007274,NA
OG0007275,NA
OG0007276,NA
OG0007277,NA
OG0007278,NA
OG0007279,NA
OG0007280,NA
OG0007282,long-lived
OG0007284,NA
OG0007285,NA
OG0007286,NA
OG0007288,NA
OG0007289,NA
OG0007290,NA
OG0007292,long-lived
OG0007294,NA
OG0007296,NA
OG0007297,NA
OG0007299,NA
OG0007302,NA
OG0007303,NA
OG0007304,NA
OG0007305,NA
OG0007306,NA
OG0007307,NA
OG0007309,NA
OG0007311,long-lived
OG0007313,NA
OG0007314,NA
OG0007315,NA
OG0007316,NA
OG0007317,NA
OG0007319,NA
OG0007320,long-lived
OG0007321,long-lived
OG0007322,NA
OG0007324,NA
OG0007325,NA
OG0007326,NA
OG0007327,NA
OG0007328,long-lived
OG0007329,NA
OG0007331,NA
OG0007332,NA
OG0007333,NA
OG0007334,long-lived
OG0007339,NA
OG0007342,NA
OG0007345,NA
OG0007346,NA
OG0007347,NA
OG0007348,NA
OG0007350,NA
OG0007352,NA
OG0007353,NA
OG0007354,NA
OG0007355,NA
OG0007356,NA
OG0007357,NA
OG0007358,NA
OG0007360,NA
OG0007362,NA
OG0007364,NA
OG0007365,NA
OG0007367,NA
OG0007369,NA
OG0007370,NA
OG0007371,NA
OG0007372,NA
OG0007373,long-lived
OG0007375,NA
OG0007377,long-lived
OG0007378,NA
OG0007380,NA
OG0007382,NA
OG0007384,NA
OG0007385,NA
OG0007386,NA
OG0007387,NA
OG0007388,long-lived
OG0007389,long-lived
OG0007390,NA
OG0007392,NA
OG0007394,long-lived
OG0007395,NA
OG0007398,NA
OG0007399,NA
OG0007400,NA
OG0007401,long-lived
OG0007402,long-lived
OG0007403,long-lived
OG0007405,long-lived
OG0007406,long-lived
OG0007407,NA
OG0007408,long-lived
OG0007410,NA
OG0007412,NA
OG0007413,NA
OG0007414,NA
OG0007415,NA
OG0007417,NA
OG0007418,long-lived
OG0007419,NA
OG0007420,NA
OG0007421,NA
OG0007422,NA
OG0007424,NA
OG0007425,NA
OG0007426,NA
OG0007427,NA
OG0007428,NA
OG0007430,NA
OG0007431,NA
OG0007432,long-lived
OG0007434,NA
OG0007435,NA
OG0007436,NA
OG0007437,NA
OG0007438,NA
OG0007439,NA
OG0007440,NA
OG0007441,NA
OG0007442,NA
OG0007443,NA
OG0007445,NA
OG0007446,NA
OG0007448,NA
OG0007449,NA
OG0007450,NA
OG0007451,NA
OG0007452,NA
OG0007453,NA
OG0007455,NA
OG0007456,NA
OG0007457,NA
OG0007459,NA
OG0007460,NA
OG0007461,NA
OG0007462,NA
OG0007463,NA
OG0007465,NA
OG0007466,NA
OG0007467,NA
OG0007468,NA
OG0007469,NA
OG0007470,NA
OG0007471,NA
OG0007472,NA
OG0007474,long-lived
OG0007476,long-lived
OG0007477,NA
OG0007478,NA
OG0007479,NA
OG0007480,NA
OG0007481,long-lived
OG0007483,NA
OG0007484,NA
OG0007490,NA
OG0007491,NA
OG0007492,NA
OG0007494,NA
OG0007496,NA
OG0007497,NA
OG0007501,NA
OG0007504,NA
OG0007506,NA
OG0007508,NA
OG0007509,NA
OG0007510,NA
OG0007511,NA
OG0007513,NA
OG0007515,NA
OG0007517,NA
OG0007518,NA
OG0007519,NA
OG0007520,NA
OG0007522,NA
OG0007526,NA
OG0007527,long-lived
OG0007528,NA
OG0007529,long-lived
OG0007530,NA
OG0007531,NA
OG0007532,long-lived
OG0007533,NA
OG0007535,NA
OG0007539,NA
OG0007541,NA
OG0007542,NA
OG0007544,NA
OG0007547,NA
OG0007548,NA
OG0007549,NA
OG0007551,long-lived
OG0007552,NA
OG0007554,NA
OG0007555,NA
OG0007556,long-lived
OG0007557,NA
OG0007558,NA
OG0007559,NA
OG0007560,NA
OG0007561,NA
OG0007563,NA
OG0007567,NA
OG0007568,long-lived
OG0007569,NA
OG0007570,NA
OG0007571,long-lived
OG0007572,NA
OG0007573,NA
OG0007574,long-lived
OG0007575,long-lived
OG0007582,long-lived
OG0007583,NA
OG0007584,NA
OG0007585,NA
OG0007587,long-lived
OG0007588,NA
OG0007589,NA
OG0007590,NA
OG0007591,NA
OG0007592,NA
OG0007595,NA
OG0007597,NA
OG0007599,NA
OG0007602,NA
OG0007603,NA
OG0007604,NA
OG0007606,NA
OG0007607,long-lived
OG0007608,NA
OG0007609,NA
OG0007610,long-lived
OG0007614,NA
OG0007615,long-lived
OG0007617,NA
OG0007619,NA
OG0007622,NA
OG0007624,NA
OG0007625,NA
OG0007628,long-lived
OG0007629,long-lived
OG0007630,NA
OG0007631,NA
OG0007632,NA
OG0007635,NA
OG0007636,NA
OG0007637,long-lived
OG0007638,NA
OG0007639,long-lived
OG0007640,NA
OG0007642,NA
OG0007644,NA
OG0007645,long-lived
OG0007646,NA
OG0007650,NA
OG0007651,NA
OG0007652,NA
OG0007653,NA
OG0007654,long-lived
OG0007655,NA
OG0007656,NA
OG0007657,NA
OG0007658,NA
OG0007659,NA
OG0007661,NA
OG0007662,NA
OG0007663,long-lived
OG0007664,NA
OG0007665,NA
OG0007667,NA
OG0007668,NA
OG0007669,NA
OG0007670,NA
OG0007673,long-lived
OG0007674,NA
OG0007675,NA
OG0007676,NA
OG0007677,NA
OG0007678,NA
OG0007680,NA
OG0007681,NA
OG0007682,NA
OG0007683,NA
OG0007684,NA
OG0007685,long-lived
OG0007686,NA
OG0007687,NA
OG0007688,NA
OG0007691,NA
OG0007692,NA
OG0007693,NA
OG0007695,NA
OG0007696,long-lived
OG0007697,NA
OG0007698,NA
OG0007699,NA
OG0007700,NA
OG0007701,NA
OG0007702,NA
OG0007703,NA
OG0007704,NA
OG0007705,NA
OG0007706,NA
OG0007707,NA
OG0007709,NA
OG0007710,NA
OG0007712,NA
OG0007715,NA
OG0007717,NA
OG0007718,NA
OG0007719,NA
OG0007720,NA
OG0007721,NA
OG0007722,NA
OG0007723,NA
OG0007724,NA
OG0007726,NA
OG0007727,NA
OG0007728,long-lived
OG0007729,long-lived
OG0007730,NA
OG0007732,NA
OG0007733,NA
OG0007734,NA
OG0007735,NA
OG0007737,NA
OG0007738,NA
OG0007739,NA
OG0007740,NA
OG0007741,NA
OG0007743,long-lived
OG0007745,NA
OG0007747,long-lived
OG0007748,long-lived
OG0007749,NA
OG0007750,NA
OG0007751,NA
OG0007752,NA
OG0007754,NA
OG0007755,NA
OG0007756,NA
OG0007759,NA
OG0007765,NA
OG0007768,NA
OG0007769,NA
OG0007770,NA
OG0007771,NA
OG0007772,NA
OG0007773,NA
OG0007774,long-lived
OG0007775,NA
OG0007776,long-lived
OG0007777,NA
OG0007778,NA
OG0007779,NA
OG0007780,NA
OG0007781,long-lived
OG0007783,NA
OG0007784,NA
OG0007785,NA
OG0007786,NA
OG0007787,NA
OG0007789,NA
OG0007790,NA
OG0007792,NA
OG0007793,NA
OG0007794,NA
OG0007796,NA
OG0007797,long-lived
OG0007798,NA
OG0007799,NA
OG0007800,NA
OG0007801,NA
OG0007802,NA
OG0007804,NA
OG0007805,NA
OG0007806,long-lived
OG0007807,NA
OG0007809,NA
OG0007810,NA
OG0007813,NA
OG0007814,NA
OG0007815,NA
OG0007816,NA
OG0007817,NA
OG0007818,NA
OG0007819,NA
OG0007820,NA
OG0007821,long-lived
OG0007822,NA
OG0007823,NA
OG0007824,NA
OG0007825,NA
OG0007828,NA
OG0007829,NA
OG0007830,NA
OG0007831,long-lived
OG0007832,NA
OG0007833,long-lived
OG0007834,NA
OG0007836,NA
OG0007838,long-lived
OG0007839,NA
OG0007840,NA
OG0007842,NA
OG0007843,NA
OG0007844,NA
OG0007845,NA
OG0007846,NA
OG0007847,long-lived
OG0007848,NA
OG0007850,NA
OG0007851,NA
OG0007852,long-lived
OG0007853,NA
OG0007854,NA
OG0007855,NA
OG0007856,NA
OG0007857,NA
OG0007858,NA
OG0007859,long-lived
OG0007861,NA
OG0007862,NA
OG0007863,NA
OG0007864,NA
OG0007865,NA
OG0007868,NA
OG0007869,NA
OG0007870,long-lived
OG0007871,NA
OG0007872,NA
OG0007874,long-lived
OG0007875,NA
OG0007876,NA
OG0007877,long-lived
OG0007878,NA
OG0007879,NA
OG0007880,NA
OG0007881,NA
OG0007882,NA
OG0007884,NA
OG0007885,NA
OG0007887,NA
OG0007888,NA
OG0007889,NA
OG0007890,long-lived
OG0007891,NA
OG0007892,NA
OG0007893,NA
OG0007894,NA
OG0007895,NA
OG0007896,NA
OG0007897,NA
OG0007900,NA
OG0007901,NA
OG0007902,NA
OG0007904,NA
OG0007905,NA
OG0007906,NA
OG0007907,NA
OG0007908,NA
OG0007910,NA
OG0007911,NA
OG0007912,NA
OG0007913,NA
OG0007914,NA
OG0007915,NA
OG0007916,NA
OG0007917,NA
OG0007918,NA
OG0007919,NA
OG0007920,NA
OG0007921,long-lived
OG0007923,NA
OG0007924,NA
OG0007925,long-lived
OG0007926,NA
OG0007927,NA
OG0007928,long-lived
OG0007929,long-lived
OG0007932,NA
OG0007933,NA
OG0007936,long-lived
OG0007937,NA
OG0007938,NA
OG0007940,NA
OG0007941,long-lived
OG0007943,NA
OG0007944,NA
OG0007945,NA
OG0007946,NA
OG0007948,NA
OG0007950,NA
OG0007952,long-lived
OG0007954,NA
OG0007955,NA
OG0007956,NA
OG0007957,long-lived
OG0007958,NA
OG0007959,NA
OG0007960,NA
OG0007961,NA
OG0007962,NA
OG0007963,long-lived
OG0007964,NA
OG0007965,NA
OG0007966,NA
OG0007967,NA
OG0007968,NA
OG0007969,NA
OG0007970,NA
OG0007971,NA
OG0007972,NA
OG0007973,NA
OG0007974,NA
OG0007975,NA
OG0007976,NA
OG0007977,NA
OG0007978,long-lived
OG0007979,NA
OG0007981,NA
OG0007982,long-lived
OG0007983,NA
OG0007984,long-lived
OG0007985,NA
OG0007986,NA
OG0007987,NA
OG0007988,long-lived
OG0007989,NA
OG0007990,NA
OG0007991,NA
OG0007992,NA
OG0007993,NA
OG0007996,NA
OG0008001,long-lived
OG0008004,NA
OG0008005,NA
OG0008006,NA
OG0008007,NA
OG0008009,NA
OG0008011,NA
OG0008013,NA
OG0008014,NA
OG0008015,NA
OG0008017,NA
OG0008019,NA
OG0008020,NA
OG0008021,NA
OG0008022,NA
OG0008025,NA
OG0008027,NA
OG0008030,NA
OG0008032,long-lived
OG0008033,NA
OG0008035,NA
OG0008036,NA
OG0008041,NA
OG0008042,NA
OG0008044,long-lived
OG0008047,NA
OG0008048,long-lived
OG0008049,NA
OG0008054,NA
OG0008055,long-lived
OG0008057,long-lived
OG0008059,NA
OG0008060,NA
OG0008063,NA
OG0008065,NA
OG0008066,long-lived
OG0008071,NA
OG0008072,NA
OG0008073,NA
OG0008076,NA
OG0008077,NA
OG0008078,NA
OG0008082,NA
OG0008083,NA
OG0008085,NA
OG0008086,NA
OG0008088,NA
OG0008091,NA
OG0008097,NA
OG0008113,long-lived
OG0008114,NA
OG0008117,NA
OG0008119,NA
OG0008120,NA
OG0008121,NA
OG0008122,long-lived
OG0008125,NA
OG0008127,long-lived
OG0008129,NA
OG0008130,long-lived
OG0008132,long-lived
OG0008133,long-lived
OG0008135,NA
OG0008136,NA
OG0008137,NA
OG0008139,NA
OG0008141,long-lived
OG0008145,NA
OG0008146,NA
OG0008147,NA
OG0008148,NA
OG0008149,long-lived
OG0008153,NA
OG0008155,long-lived
OG0008156,NA
OG0008157,NA
OG0008158,NA
OG0008162,long-lived
OG0008164,NA
OG0008165,NA
OG0008168,NA
OG0008169,NA
OG0008171,long-lived
OG0008174,NA
OG0008178,long-lived
OG0008180,NA
OG0008181,NA
OG0008182,long-lived
OG0008183,NA
OG0008184,NA
OG0008186,long-lived
OG0008190,long-lived
OG0008193,NA
OG0008195,NA
OG0008196,NA
OG0008197,NA
OG0008198,NA
OG0008199,NA
OG0008200,NA
OG0008201,NA
OG0008204,NA
OG0008206,NA
OG0008207,NA
OG0008208,NA
OG0008210,NA
OG0008211,NA
OG0008214,NA
OG0008215,NA
OG0008217,long-lived
OG0008218,NA
OG0008219,NA
OG0008220,NA
OG0008221,NA
OG0008222,long-lived
OG0008225,NA
OG0008226,NA
OG0008228,NA
OG0008230,long-lived
OG0008232,NA
OG0008233,NA
OG0008234,NA
OG0008235,NA
OG0008236,NA
OG0008238,NA
OG0008239,NA
OG0008240,NA
OG0008241,long-lived
OG0008242,long-lived
OG0008243,NA
OG0008244,NA
OG0008245,NA
OG0008246,NA
OG0008247,NA
OG0008248,NA
OG0008250,NA
OG0008251,NA
OG0008253,NA
OG0008257,NA
OG0008258,NA
OG0008259,NA
OG0008260,NA
OG0008261,NA
OG0008262,NA
OG0008263,NA
OG0008266,NA
OG0008267,NA
OG0008268,NA
OG0008269,NA
OG0008270,long-lived
OG0008271,long-lived
OG0008273,NA
OG0008275,NA
OG0008277,NA
OG0008278,NA
OG0008279,NA
OG0008280,NA
OG0008281,NA
OG0008284,NA
OG0008285,long-lived
OG0008286,NA
OG0008287,long-lived
OG0008289,long-lived
OG0008290,NA
OG0008292,NA
OG0008293,NA
OG0008296,NA
OG0008297,long-lived
OG0008298,NA
OG0008301,NA
OG0008303,NA
OG0008306,NA
OG0008308,NA
OG0008309,long-lived
OG0008311,NA
OG0008312,NA
OG0008313,long-lived
OG0008314,NA
OG0008315,NA
OG0008316,NA
OG0008317,NA
OG0008319,NA
OG0008320,NA
OG0008321,NA
OG0008323,NA
OG0008327,NA
OG0008330,NA
OG0008334,NA
OG0008336,NA
OG0008337,NA
OG0008341,NA
OG0008342,NA
OG0008345,NA
OG0008346,NA
OG0008349,NA
OG0008351,NA
OG0008352,NA
OG0008354,NA
OG0008355,NA
OG0008356,NA
OG0008357,NA
OG0008358,long-lived
OG0008359,NA
OG0008360,NA
OG0008361,NA
OG0008362,NA
OG0008364,NA
OG0008366,NA
OG0008367,NA
OG0008368,long-lived
OG0008369,NA
OG0008370,long-lived
OG0008371,NA
OG0008372,NA
OG0008373,NA
OG0008374,NA
OG0008375,NA
OG0008376,NA
OG0008378,long-lived
OG0008379,NA
OG0008380,NA
OG0008381,NA
OG0008382,NA
OG0008383,NA
OG0008384,NA
OG0008385,NA
OG0008387,NA
OG0008388,NA
OG0008389,NA
OG0008391,NA
OG0008393,NA
OG0008395,NA
OG0008396,NA
OG0008398,long-lived
OG0008399,NA
OG0008401,NA
OG0008402,NA
OG0008403,NA
OG0008404,NA
OG0008405,long-lived
OG0008406,NA
OG0008407,NA
OG0008409,long-lived
OG0008411,long-lived
OG0008412,NA
OG0008413,NA
OG0008414,NA
OG0008415,NA
OG0008416,NA
OG0008417,NA
OG0008419,long-lived
OG0008420,NA
OG0008421,NA
OG0008422,NA
OG0008423,NA
OG0008424,NA
OG0008425,NA
OG0008430,NA
OG0008431,NA
OG0008434,NA
OG0008435,NA
OG0008436,NA
OG0008437,NA
OG0008439,NA
OG0008440,NA
OG0008441,NA
OG0008442,NA
OG0008445,NA
OG0008446,NA
OG0008447,NA
OG0008448,NA
OG0008450,NA
OG0008451,NA
OG0008454,NA
OG0008455,long-lived
OG0008457,NA
OG0008458,NA
OG0008459,NA
OG0008460,NA
OG0008462,NA
OG0008463,NA
OG0008464,NA
OG0008465,NA
OG0008467,NA
OG0008468,NA
OG0008469,NA
OG0008470,NA
OG0008471,NA
OG0008472,NA
OG0008473,NA
OG0008474,NA
OG0008475,NA
OG0008477,NA
OG0008480,NA
OG0008482,NA
OG0008483,NA
OG0008484,NA
OG0008486,NA
OG0008488,NA
OG0008490,NA
OG0008492,long-lived
OG0008493,NA
OG0008494,long-lived
OG0008495,NA
OG0008496,NA
OG0008498,NA
OG0008501,NA
OG0008502,NA
OG0008503,NA
OG0008504,NA
OG0008506,NA
OG0008507,NA
OG0008509,NA
OG0008510,NA
OG0008512,NA
OG0008513,NA
OG0008514,NA
OG0008515,NA
OG0008518,NA
OG0008519,NA
OG0008520,NA
OG0008522,NA
OG0008523,NA
OG0008526,NA
OG0008528,NA
OG0008530,NA
OG0008531,NA
OG0008532,NA
OG0008533,NA
OG0008534,NA
OG0008536,NA
OG0008538,long-lived
OG0008539,NA
OG0008540,long-lived
OG0008542,NA
OG0008543,long-lived
OG0008544,NA
OG0008545,NA
OG0008546,NA
OG0008547,NA
OG0008548,NA
OG0008549,NA
OG0008550,NA
OG0008551,NA
OG0008552,NA
OG0008554,NA
OG0008555,long-lived
OG0008558,NA
OG0008559,long-lived
OG0008560,NA
OG0008561,NA
OG0008562,NA
OG0008563,long-lived
OG0008566,NA
OG0008567,NA
OG0008568,NA
OG0008569,long-lived
OG0008571,NA
OG0008572,long-lived
OG0008573,NA
OG0008575,NA
OG0008576,NA
OG0008578,long-lived
OG0008582,NA
OG0008583,NA
OG0008585,NA
OG0008586,NA
OG0008589,NA
OG0008593,long-lived
OG0008594,NA
OG0008595,NA
OG0008597,NA
OG0008598,NA
OG0008599,long-lived
OG0008600,NA
OG0008601,NA
OG0008603,NA
OG0008604,NA
OG0008606,NA
OG0008607,NA
OG0008608,NA
OG0008609,NA
OG0008610,long-lived
OG0008611,long-lived
OG0008612,NA
OG0008613,NA
OG0008614,NA
OG0008615,NA
OG0008616,NA
OG0008617,long-lived
OG0008619,NA
OG0008620,NA
OG0008621,NA
OG0008622,NA
OG0008623,NA
OG0008624,long-lived
OG0008625,NA
OG0008626,NA
OG0008627,NA
OG0008629,NA
OG0008631,NA
OG0008632,NA
OG0008633,NA
OG0008634,long-lived
OG0008635,NA
OG0008637,NA
OG0008638,NA
OG0008639,NA
OG0008641,NA
OG0008642,NA
OG0008643,long-lived
OG0008645,NA
OG0008646,NA
OG0008649,NA
OG0008650,NA
OG0008651,NA
OG0008652,NA
OG0008653,long-lived
OG0008654,NA
OG0008656,NA
OG0008658,NA
OG0008660,NA
OG0008661,NA
OG0008663,NA
OG0008664,NA
OG0008665,NA
OG0008666,NA
OG0008667,NA
OG0008668,long-lived
OG0008669,NA
OG0008670,long-lived
OG0008671,NA
OG0008672,NA
OG0008673,long-lived
OG0008674,NA
OG0008676,NA
OG0008679,NA
OG0008681,NA
OG0008682,NA
OG0008683,NA
OG0008684,NA
OG0008685,long-lived
OG0008686,NA
OG0008687,NA
OG0008688,long-lived
OG0008689,NA
OG0008691,NA
OG0008694,NA
OG0008695,NA
OG0008696,NA
OG0008697,NA
OG0008698,NA
OG0008701,long-lived
OG0008702,NA
OG0008703,NA
OG0008704,NA
OG0008705,NA
OG0008706,NA
OG0008708,NA
OG0008710,NA
OG0008711,NA
OG0008712,NA
OG0008713,NA
OG0008715,NA
OG0008718,NA
OG0008719,NA
OG0008720,NA
OG0008721,NA
OG0008722,NA
OG0008723,NA
OG0008724,NA
OG0008727,NA
OG0008728,NA
OG0008730,NA
OG0008731,NA
OG0008733,NA
OG0008734,NA
OG0008736,long-lived
OG0008737,NA
OG0008738,NA
OG0008739,NA
OG0008740,NA
OG0008742,NA
OG0008743,NA
OG0008744,NA
OG0008745,NA
OG0008746,NA
OG0008749,NA
OG0008750,NA
OG0008752,NA
OG0008753,NA
OG0008754,NA
OG0008755,long-lived
OG0008756,long-lived
OG0008758,long-lived
OG0008759,NA
OG0008760,NA
OG0008761,NA
OG0008762,NA
OG0008764,NA
OG0008765,NA
OG0008766,NA
OG0008767,NA
OG0008768,NA
OG0008769,NA
OG0008770,NA
OG0008772,NA
OG0008773,NA
OG0008774,NA
OG0008775,NA
OG0008776,NA
OG0008778,NA
OG0008779,NA
OG0008780,NA
OG0008781,long-lived
OG0008784,long-lived
OG0008785,long-lived
OG0008786,NA
OG0008787,NA
OG0008788,NA
OG0008789,NA
OG0008792,NA
OG0008793,NA
OG0008794,NA
OG0008795,NA
OG0008797,NA
OG0008799,NA
OG0008800,NA
OG0008801,NA
OG0008802,NA
OG0008803,NA
OG0008806,long-lived
OG0008807,NA
OG0008809,NA
OG0008810,NA
OG0008811,NA
OG0008812,NA
OG0008813,NA
OG0008815,NA
OG0008816,NA
OG0008817,long-lived
OG0008818,NA
OG0008820,NA
OG0008821,NA
OG0008823,long-lived
OG0008824,NA
OG0008825,long-lived
OG0008826,long-lived
OG0008827,NA
OG0008828,long-lived
OG0008829,NA
OG0008830,NA
OG0008831,NA
OG0008834,NA
OG0008836,long-lived
OG0008837,NA
OG0008838,NA
OG0008839,NA
OG0008840,NA
OG0008844,NA
OG0008846,long-lived
OG0008847,NA
OG0008848,NA
OG0008850,NA
OG0008851,NA
OG0008853,NA
OG0008854,NA
OG0008855,NA
OG0008856,NA
OG0008857,NA
OG0008858,NA
OG0008859,NA
OG0008860,long-lived
OG0008862,NA
OG0008863,long-lived
OG0008864,long-lived
OG0008868,NA
OG0008872,long-lived
OG0008876,long-lived
OG0008877,NA
OG0008878,NA
OG0008879,NA
OG0008881,NA
OG0008882,NA
OG0008883,NA
OG0008884,NA
OG0008886,NA
OG0008887,long-lived
OG0008888,NA
OG0008891,long-lived
OG0008892,NA
OG0008893,NA
OG0008894,long-lived
OG0008895,NA
OG0008897,long-lived
OG0008898,NA
OG0008899,NA
OG0008900,long-lived
OG0008901,NA
OG0008902,NA
OG0008903,NA
OG0008904,NA
OG0008906,NA
OG0008907,NA
OG0008908,NA
OG0008909,NA
OG0008910,NA
OG0008911,NA
OG0008912,NA
OG0008913,long-lived
OG0008914,long-lived
OG0008915,NA
OG0008916,long-lived
OG0008917,NA
OG0008918,NA
OG0008920,NA
OG0008922,NA
OG0008924,NA
OG0008926,NA
OG0008927,long-lived
OG0008928,NA
OG0008929,NA
OG0008930,NA
OG0008933,NA
OG0008934,NA
OG0008935,NA
OG0008936,long-lived
OG0008937,NA
OG0008939,NA
OG0008940,NA
OG0008941,NA
OG0008943,NA
OG0008944,NA
OG0008945,NA
OG0008947,NA
OG0008949,long-lived
OG0008950,NA
OG0008951,NA
OG0008952,NA
OG0008953,NA
OG0008954,NA
OG0008955,NA
OG0008956,NA
OG0008957,NA
OG0008958,NA
OG0008959,NA
OG0008960,NA
OG0008962,NA
OG0008964,NA
OG0008966,NA
OG0008967,NA
OG0008968,NA
OG0008969,NA
OG0008970,long-lived
OG0008971,NA
OG0008972,NA
OG0008973,NA
OG0008975,NA
OG0008976,NA
OG0008977,NA
OG0008978,NA
OG0008979,NA
OG0008981,NA
OG0008982,NA
OG0008983,NA
OG0008984,long-lived
OG0008985,NA
OG0008986,NA
OG0008987,NA
OG0008988,long-lived
OG0008989,NA
OG0008990,NA
OG0008991,NA
OG0008992,long-lived
OG0008993,NA
OG0008994,NA
OG0008995,NA
OG0008996,NA
OG0008999,long-lived
OG0009000,NA
OG0009001,NA
OG0009002,NA
OG0009003,NA
OG0009004,NA
OG0009005,NA
OG0009006,NA
OG0009007,NA
OG0009008,NA
OG0009010,NA
OG0009011,NA
OG0009012,NA
OG0009013,long-lived
OG0009014,NA
OG0009015,NA
OG0009016,NA
OG0009017,NA
OG0009018,NA
OG0009020,NA
OG0009021,NA
OG0009022,NA
OG0009023,NA
OG0009024,NA
OG0009025,NA
OG0009027,NA
OG0009029,NA
OG0009030,long-lived
OG0009031,NA
OG0009032,NA
OG0009033,long-lived
OG0009034,long-lived
OG0009035,NA
OG0009036,NA
OG0009037,NA
OG0009040,NA
OG0009042,NA
OG0009044,NA
OG0009047,NA
OG0009048,NA
OG0009050,NA
OG0009051,NA
OG0009052,NA
OG0009053,NA
OG0009054,long-lived
OG0009055,NA
OG0009056,NA
OG0009057,NA
OG0009058,NA
OG0009059,NA
OG0009060,NA
OG0009061,NA
OG0009062,long-lived
OG0009063,NA
OG0009064,NA
OG0009065,NA
OG0009067,NA
OG0009068,NA
OG0009069,NA
OG0009070,long-lived
OG0009071,NA
OG0009073,NA
OG0009074,NA
OG0009075,NA
OG0009077,long-lived
OG0009078,NA
OG0009079,NA
OG0009080,long-lived
OG0009081,NA
OG0009082,NA
OG0009084,NA
OG0009085,NA
OG0009088,NA
OG0009090,NA
OG0009092,NA
OG0009093,long-lived
OG0009094,long-lived
OG0009095,NA
OG0009096,NA
OG0009098,NA
OG0009099,NA
OG0009100,NA
OG0009101,NA
OG0009102,NA
OG0009103,NA
OG0009104,long-lived
OG0009106,NA
OG0009109,NA
OG0009110,NA
OG0009112,NA
OG0009114,NA
OG0009115,NA
OG0009116,NA
OG0009117,long-lived
OG0009118,NA
OG0009119,NA
OG0009120,NA
OG0009121,NA
OG0009122,NA
OG0009123,long-lived
OG0009124,NA
OG0009127,long-lived
OG0009129,NA
OG0009130,long-lived
OG0009131,long-lived
OG0009132,NA
OG0009134,NA
OG0009135,NA
OG0009136,NA
OG0009138,long-lived
OG0009140,NA
OG0009142,NA
OG0009143,NA
OG0009144,NA
OG0009145,NA
OG0009146,NA
OG0009147,long-lived
OG0009148,NA
OG0009149,NA
OG0009151,NA
OG0009152,NA
OG0009153,NA
OG0009155,long-lived
OG0009157,long-lived
OG0009158,NA
OG0009159,NA
OG0009160,NA
OG0009161,NA
OG0009163,NA
OG0009164,long-lived
OG0009165,long-lived
OG0009166,long-lived
OG0009167,NA
OG0009170,NA
OG0009172,NA
OG0009173,NA
OG0009174,long-lived
OG0009175,NA
OG0009176,NA
OG0009177,NA
OG0009179,long-lived
OG0009180,NA
OG0009181,NA
OG0009182,long-lived
OG0009184,NA
OG0009185,long-lived
OG0009186,NA
OG0009188,NA
OG0009189,long-lived
OG0009190,long-lived
OG0009191,long-lived
OG0009192,NA
OG0009194,NA
OG0009195,NA
OG0009196,NA
OG0009197,NA
OG0009198,NA
OG0009199,NA
OG0009200,long-lived
OG0009201,NA
OG0009203,NA
OG0009204,NA
OG0009205,NA
OG0009207,NA
OG0009209,NA
OG0009210,NA
OG0009211,NA
OG0009212,NA
OG0009213,NA
OG0009215,NA
OG0009219,NA
OG0009220,NA
OG0009221,NA
OG0009225,NA
OG0009227,long-lived
OG0009230,long-lived
OG0009232,NA
OG0009233,NA
OG0009235,NA
OG0009237,long-lived
OG0009238,NA
OG0009239,NA
OG0009241,NA
OG0009242,long-lived
OG0009243,NA
OG0009244,NA
OG0009245,long-lived
OG0009246,NA
OG0009247,NA
OG0009248,NA
OG0009249,NA
OG0009250,NA
OG0009251,NA
OG0009252,NA
OG0009253,NA
OG0009254,NA
OG0009255,NA
OG0009256,NA
OG0009260,NA
OG0009261,NA
OG0009263,NA
OG0009266,NA
OG0009267,NA
OG0009268,long-lived
OG0009269,NA
OG0009270,long-lived
OG0009271,NA
OG0009272,NA
OG0009273,NA
OG0009274,NA
OG0009275,NA
OG0009276,NA
OG0009277,NA
OG0009278,NA
OG0009279,NA
OG0009280,long-lived
OG0009282,NA
OG0009283,NA
OG0009285,NA
OG0009286,NA
OG0009287,NA
OG0009288,NA
OG0009289,NA
OG0009290,NA
OG0009292,NA
OG0009294,NA
OG0009295,NA
OG0009296,NA
OG0009298,NA
OG0009299,NA
OG0009301,NA
OG0009302,NA
OG0009303,long-lived
OG0009304,long-lived
OG0009305,long-lived
OG0009306,NA
OG0009307,NA
OG0009308,long-lived
OG0009309,long-lived
OG0009310,NA
OG0009311,NA
OG0009313,NA
OG0009314,NA
OG0009316,NA
OG0009318,long-lived
OG0009319,NA
OG0009320,NA
OG0009321,NA
OG0009323,long-lived
OG0009325,NA
OG0009326,long-lived
OG0009327,NA
OG0009328,NA
OG0009329,NA
OG0009330,long-lived
OG0009332,NA
OG0009333,NA
OG0009335,NA
OG0009336,NA
OG0009337,NA
OG0009339,NA
OG0009340,NA
OG0009341,long-lived
OG0009342,long-lived
OG0009343,long-lived
OG0009345,long-lived
OG0009346,long-lived
OG0009347,NA
OG0009348,NA
OG0009349,NA
OG0009350,NA
OG0009351,NA
OG0009352,NA
OG0009353,NA
OG0009355,long-lived
OG0009356,NA
OG0009357,NA
OG0009359,NA
OG0009360,NA
OG0009361,NA
OG0009362,long-lived
OG0009363,long-lived
OG0009364,NA
OG0009365,NA
OG0009366,NA
OG0009368,long-lived
OG0009369,NA
OG0009371,NA
OG0009372,NA
OG0009373,long-lived
OG0009374,NA
OG0009375,long-lived
OG0009376,NA
OG0009377,long-lived
OG0009380,NA
OG0009382,NA
OG0009383,NA
OG0009384,NA
OG0009385,NA
OG0009386,NA
OG0009387,NA
OG0009388,NA
OG0009389,NA
OG0009390,long-lived
OG0009391,long-lived
OG0009393,NA
OG0009394,NA
OG0009395,long-lived
OG0009397,long-lived
OG0009398,long-lived
OG0009399,NA
OG0009401,NA
OG0009402,long-lived
OG0009404,NA
OG0009406,NA
OG0009407,NA
OG0009408,NA
OG0009409,NA
OG0009410,NA
OG0009411,NA
OG0009412,NA
OG0009413,NA
OG0009414,NA
OG0009415,NA
OG0009417,NA
OG0009418,NA
OG0009419,NA
OG0009420,NA
OG0009421,NA
OG0009422,NA
OG0009423,NA
OG0009424,NA
OG0009426,NA
OG0009427,NA
OG0009430,NA
OG0009431,NA
OG0009432,NA
OG0009433,NA
OG0009434,NA
OG0009435,NA
OG0009436,NA
OG0009437,NA
OG0009439,NA
OG0009440,NA
OG0009441,long-lived
OG0009442,long-lived
OG0009443,NA
OG0009444,NA
OG0009445,NA
OG0009446,long-lived
OG0009447,NA
OG0009448,NA
OG0009450,NA
OG0009451,NA
OG0009452,NA
OG0009454,NA
OG0009455,NA
OG0009457,NA
OG0009458,NA
OG0009460,NA
OG0009462,NA
OG0009463,long-lived
OG0009464,NA
OG0009465,long-lived
OG0009466,long-lived
OG0009467,NA
OG0009468,NA
OG0009470,NA
OG0009472,NA
OG0009474,long-lived
OG0009475,NA
OG0009476,long-lived
OG0009477,NA
OG0009478,NA
OG0009479,NA
OG0009481,NA
OG0009483,NA
OG0009484,NA
OG0009485,NA
OG0009486,NA
OG0009487,NA
OG0009488,NA
OG0009489,NA
OG0009490,NA
OG0009491,NA
OG0009492,NA
OG0009493,NA
OG0009494,long-lived
OG0009495,NA
OG0009496,NA
OG0009497,long-lived
OG0009498,NA
OG0009499,long-lived
OG0009500,NA
OG0009501,long-lived
OG0009502,NA
OG0009503,NA
OG0009504,NA
OG0009507,NA
OG0009509,NA
OG0009511,NA
OG0009512,NA
OG0009513,NA
OG0009515,long-lived
OG0009516,NA
OG0009518,long-lived
OG0009520,NA
OG0009521,NA
OG0009523,NA
OG0009524,long-lived
OG0009525,long-lived
OG0009528,NA
OG0009529,long-lived
OG0009532,NA
OG0009534,long-lived
OG0009536,NA
OG0009538,NA
OG0009539,long-lived
OG0009540,long-lived
OG0009542,long-lived
OG0009545,NA
OG0009546,NA
OG0009548,NA
OG0009549,NA
OG0009556,NA
OG0009558,NA
OG0009559,long-lived
OG0009560,NA
OG0009561,NA
OG0009562,long-lived
OG0009563,NA
OG0009567,NA
OG0009569,NA
OG0009570,NA
OG0009572,NA
OG0009576,NA
OG0009577,long-lived
OG0009579,NA
OG0009581,NA
OG0009582,NA
OG0009584,NA
OG0009585,NA
OG0009586,long-lived
OG0009587,NA
OG0009588,NA
OG0009589,NA
OG0009593,NA
OG0009594,long-lived
OG0009596,long-lived
OG0009598,NA
OG0009600,NA
OG0009602,NA
OG0009605,long-lived
OG0009606,NA
OG0009607,long-lived
OG0009608,NA
OG0009611,NA
OG0009613,long-lived
OG0009614,long-lived
OG0009618,NA
OG0009619,NA
OG0009621,NA
OG0009622,NA
OG0009631,NA
OG0009632,NA
OG0009644,NA
OG0009645,long-lived
OG0009646,NA
OG0009647,NA
OG0009648,NA
OG0009650,long-lived
OG0009652,long-lived
OG0009654,NA
OG0009655,NA
OG0009656,NA
OG0009658,NA
OG0009660,NA
OG0009661,NA
OG0009662,NA
OG0009663,NA
OG0009665,NA
OG0009668,NA
OG0009669,NA
OG0009670,long-lived
OG0009671,NA
OG0009672,NA
OG0009674,NA
OG0009676,NA
OG0009679,NA
OG0009681,NA
OG0009682,NA
OG0009683,NA
OG0009684,NA
OG0009688,NA
OG0009695,NA
OG0009696,NA
OG0009697,NA
OG0009698,NA
OG0009699,NA
OG0009704,NA
OG0009705,NA
OG0009707,NA
OG0009708,long-lived
OG0009709,NA
OG0009710,NA
OG0009711,long-lived
OG0009712,long-lived
OG0009714,long-lived
OG0009715,long-lived
OG0009717,NA
OG0009718,NA
OG0009719,NA
OG0009720,NA
OG0009721,long-lived
OG0009722,NA
OG0009723,NA
OG0009724,long-lived
OG0009725,NA
OG0009726,NA
OG0009729,NA
OG0009730,NA
OG0009731,NA
OG0009732,NA
OG0009734,NA
OG0009735,long-lived
OG0009736,long-lived
OG0009737,NA
OG0009739,NA
OG0009740,NA
OG0009741,NA
OG0009742,NA
OG0009743,NA
OG0009744,NA
OG0009746,NA
OG0009747,NA
OG0009749,NA
OG0009750,NA
OG0009751,NA
OG0009752,NA
OG0009753,NA
OG0009754,NA
OG0009755,NA
OG0009757,NA
OG0009759,NA
OG0009760,NA
OG0009761,NA
OG0009762,NA
OG0009764,NA
OG0009765,NA
OG0009766,NA
OG0009768,long-lived
OG0009770,NA
OG0009771,NA
OG0009772,NA
OG0009773,NA
OG0009774,NA
OG0009777,NA
OG0009778,long-lived
OG0009779,NA
OG0009780,NA
OG0009782,NA
OG0009784,NA
OG0009785,NA
OG0009787,NA
OG0009788,NA
OG0009789,NA
OG0009790,NA
OG0009791,NA
OG0009792,long-lived
OG0009794,NA
OG0009797,NA
OG0009799,NA
OG0009802,long-lived
OG0009803,NA
OG0009804,NA
OG0009807,NA
OG0009808,NA
OG0009812,NA
OG0009813,NA
OG0009815,NA
OG0009816,NA
OG0009817,NA
OG0009819,NA
OG0009821,NA
OG0009822,long-lived
OG0009825,long-lived
OG0009827,NA
OG0009828,NA
OG0009830,NA
OG0009831,NA
OG0009832,NA
OG0009833,NA
OG0009835,NA
OG0009836,long-lived
OG0009837,NA
OG0009839,NA
OG0009840,NA
OG0009841,NA
OG0009847,NA
OG0009848,NA
OG0009850,NA
OG0009851,NA
OG0009852,NA
OG0009853,NA
OG0009854,long-lived
OG0009855,NA
OG0009857,NA
OG0009858,NA
OG0009859,NA
OG0009860,NA
OG0009862,NA
OG0009864,NA
OG0009865,long-lived
OG0009866,NA
OG0009867,NA
OG0009869,NA
OG0009870,NA
OG0009872,NA
OG0009874,NA
OG0009875,NA
OG0009876,NA
OG0009879,NA
OG0009880,NA
OG0009882,NA
OG0009883,NA
OG0009884,NA
OG0009887,long-lived
OG0009888,NA
OG0009889,NA
OG0009890,NA
OG0009891,NA
OG0009892,NA
OG0009893,long-lived
OG0009894,NA
OG0009896,NA
OG0009897,NA
OG0009898,NA
OG0009900,NA
OG0009902,NA
OG0009904,NA
OG0009905,NA
OG0009906,NA
OG0009907,NA
OG0009908,long-lived
OG0009909,NA
OG0009911,long-lived
OG0009912,NA
OG0009913,NA
OG0009914,NA
OG0009915,NA
OG0009916,NA
OG0009917,NA
OG0009918,NA
OG0009919,NA
OG0009920,NA
OG0009922,NA
OG0009924,NA
OG0009925,NA
OG0009926,NA
OG0009927,NA
OG0009929,NA
OG0009930,NA
OG0009934,NA
OG0009936,long-lived
OG0009937,NA
OG0009938,NA
OG0009941,NA
OG0009942,NA
OG0009943,long-lived
OG0009944,NA
OG0009946,NA
OG0009947,long-lived
OG0009948,NA
OG0009949,long-lived
OG0009951,NA
OG0009954,NA
OG0009956,NA
OG0009960,long-lived
OG0009961,long-lived
OG0009966,NA
OG0009967,NA
OG0009968,NA
OG0009969,NA
OG0009970,NA
OG0009971,NA
OG0009972,NA
OG0009973,long-lived
OG0009974,NA
OG0009975,NA
OG0009976,NA
OG0009977,NA
OG0009978,NA
OG0009979,NA
OG0009980,NA
OG0009985,NA
OG0009987,NA
OG0009988,NA
OG0009989,NA
OG0009991,NA
OG0009992,NA
OG0009993,NA
OG0009994,NA
OG0009996,NA
OG0010000,NA
OG0010001,NA
OG0010002,NA
OG0010003,long-lived
OG0010005,NA
OG0010006,NA
OG0010009,NA
OG0010010,long-lived
OG0010011,NA
OG0010012,NA
OG0010014,NA
OG0010015,long-lived
OG0010016,NA
OG0010017,NA
OG0010018,NA
OG0010019,NA
OG0010020,NA
OG0010021,NA
OG0010022,NA
OG0010024,NA
OG0010025,NA
OG0010027,NA
OG0010030,NA
OG0010032,NA
OG0010033,NA
OG0010035,NA
OG0010036,NA
OG0010037,NA
OG0010038,NA
OG0010040,NA
OG0010042,long-lived
OG0010043,NA
OG0010046,NA
OG0010047,NA
OG0010048,long-lived
OG0010049,NA
OG0010051,NA
OG0010052,NA
OG0010055,NA
OG0010056,NA
OG0010058,NA
OG0010059,NA
OG0010060,long-lived
OG0010061,NA
OG0010063,NA
OG0010064,NA
OG0010065,NA
OG0010066,long-lived
OG0010067,long-lived
OG0010069,long-lived
OG0010070,long-lived
OG0010075,NA
OG0010076,NA
OG0010077,NA
OG0010079,NA
OG0010081,NA
OG0010082,NA
OG0010083,long-lived
OG0010084,long-lived
OG0010086,NA
OG0010088,NA
OG0010090,NA
OG0010091,NA
OG0010092,long-lived
OG0010093,NA
OG0010094,NA
OG0010096,NA
OG0010098,NA
OG0010103,NA
OG0010105,long-lived
OG0010107,NA
OG0010108,long-lived
OG0010113,NA
OG0010114,NA
OG0010115,long-lived
OG0010116,NA
OG0010118,NA
OG0010119,long-lived
OG0010120,NA
OG0010121,NA
OG0010123,NA
OG0010124,NA
OG0010125,NA
OG0010127,NA
OG0010129,NA
OG0010134,long-lived
OG0010135,NA
OG0010136,NA
OG0010137,NA
OG0010139,NA
OG0010140,long-lived
OG0010141,NA
OG0010142,NA
OG0010143,NA
OG0010145,long-lived
OG0010147,NA
OG0010149,NA
OG0010150,NA
OG0010151,NA
OG0010152,NA
OG0010154,NA
OG0010155,long-lived
OG0010156,NA
OG0010157,NA
OG0010158,NA
OG0010159,NA
OG0010160,NA
OG0010163,long-lived
OG0010164,NA
OG0010165,NA
OG0010166,NA
OG0010167,NA
OG0010168,NA
OG0010169,NA
OG0010170,NA
OG0010171,long-lived
OG0010172,NA
OG0010178,NA
OG0010180,NA
OG0010181,NA
OG0010182,NA
OG0010183,NA
OG0010184,NA
OG0010185,long-lived
OG0010186,NA
OG0010187,NA
OG0010188,NA
OG0010189,long-lived
OG0010190,NA
OG0010191,NA
OG0010193,NA
OG0010194,NA
OG0010195,long-lived
OG0010197,long-lived
OG0010198,NA
OG0010200,NA
OG0010203,NA
OG0010204,NA
OG0010206,NA
OG0010207,NA
OG0010208,NA
OG0010209,long-lived
OG0010210,NA
OG0010211,NA
OG0010213,NA
OG0010215,NA
OG0010218,NA
OG0010219,NA
OG0010221,NA
OG0010222,NA
OG0010223,NA
OG0010224,long-lived
OG0010225,long-lived
OG0010227,long-lived
OG0010228,NA
OG0010229,long-lived
OG0010230,long-lived
OG0010231,long-lived
OG0010232,NA
OG0010233,NA
OG0010234,NA
OG0010236,NA
OG0010237,NA
OG0010238,NA
OG0010239,NA
OG0010241,NA
OG0010242,long-lived
OG0010246,NA
OG0010250,NA
OG0010251,NA
OG0010252,NA
OG0010253,NA
OG0010255,NA
OG0010258,NA
OG0010259,NA
OG0010260,NA
OG0010261,NA
OG0010262,NA
OG0010263,NA
OG0010264,NA
OG0010266,NA
OG0010268,NA
OG0010270,NA
OG0010273,NA
OG0010274,NA
OG0010275,NA
OG0010276,long-lived
OG0010277,NA
OG0010278,NA
OG0010281,long-lived
OG0010283,NA
OG0010285,NA
OG0010287,NA
OG0010290,NA
OG0010291,long-lived
OG0010292,NA
OG0010294,NA
OG0010296,NA
OG0010300,NA
OG0010301,NA
OG0010302,NA
OG0010303,NA
OG0010304,NA
OG0010305,NA
OG0010306,NA
OG0010309,NA
OG0010311,NA
OG0010313,NA
OG0010315,long-lived
OG0010316,NA
OG0010319,long-lived
OG0010320,NA
OG0010321,NA
OG0010322,long-lived
OG0010323,NA
OG0010324,NA
OG0010325,long-lived
OG0010327,NA
OG0010328,long-lived
OG0010329,NA
OG0010330,NA
OG0010332,NA
OG0010335,NA
OG0010336,NA
OG0010339,NA
OG0010343,NA
OG0010345,NA
OG0010346,NA
OG0010347,NA
OG0010348,NA
OG0010349,NA
OG0010352,long-lived
OG0010353,long-lived
OG0010354,NA
OG0010355,long-lived
OG0010356,long-lived
OG0010357,NA
OG0010359,NA
OG0010360,NA
OG0010362,NA
OG0010363,long-lived
OG0010364,long-lived
OG0010366,long-lived
OG0010367,NA
OG0010368,NA
OG0010369,NA
OG0010371,NA
OG0010372,NA
OG0010373,NA
OG0010375,NA
OG0010376,NA
OG0010377,NA
OG0010379,NA
OG0010381,NA
OG0010382,NA
OG0010384,NA
OG0010385,NA
OG0010386,NA
OG0010387,NA
OG0010388,NA
OG0010389,NA
OG0010390,NA
OG0010391,NA
OG0010394,NA
OG0010395,NA
OG0010396,NA
OG0010398,NA
OG0010399,NA
OG0010400,NA
OG0010402,NA
OG0010403,NA
OG0010404,NA
OG0010405,long-lived
OG0010406,NA
OG0010408,long-lived
OG0010409,NA
OG0010410,NA
OG0010411,long-lived
OG0010413,NA
OG0010414,NA
OG0010415,NA
OG0010416,NA
OG0010417,NA
OG0010418,NA
OG0010419,NA
OG0010420,NA
OG0010422,NA
OG0010424,NA
OG0010425,NA
OG0010427,NA
OG0010428,NA
OG0010429,NA
OG0010431,NA
OG0010432,long-lived
OG0010433,NA
OG0010434,NA
OG0010435,NA
OG0010436,NA
OG0010437,long-lived
OG0010438,long-lived
OG0010440,NA
OG0010442,long-lived
OG0010444,long-lived
OG0010445,NA
OG0010448,NA
OG0010449,NA
OG0010450,NA
OG0010451,NA
OG0010453,long-lived
OG0010454,long-lived
OG0010455,NA
OG0010456,NA
OG0010458,NA
OG0010460,NA
OG0010461,NA
OG0010462,NA
OG0010463,NA
OG0010464,NA
OG0010465,NA
OG0010467,long-lived
OG0010468,NA
OG0010472,NA
OG0010473,NA
OG0010474,NA
OG0010475,long-lived
OG0010476,long-lived
OG0010477,NA
OG0010479,NA
OG0010480,NA
OG0010481,long-lived
OG0010482,NA
OG0010484,NA
OG0010486,NA
OG0010487,long-lived
OG0010488,NA
OG0010489,NA
OG0010490,NA
OG0010491,NA
OG0010493,NA
OG0010494,long-lived
OG0010495,NA
OG0010496,NA
OG0010498,NA
OG0010499,long-lived
OG0010503,NA
OG0010505,NA
OG0010506,NA
OG0010508,long-lived
OG0010509,NA
OG0010510,NA
OG0010511,NA
OG0010512,NA
OG0010513,NA
OG0010515,NA
OG0010517,long-lived
OG0010519,long-lived
OG0010521,NA
OG0010524,NA
OG0010525,NA
OG0010526,long-lived
OG0010529,NA
OG0010530,NA
OG0010531,NA
OG0010532,NA
OG0010533,NA
OG0010534,NA
OG0010535,long-lived
OG0010536,NA
OG0010538,NA
OG0010540,NA
OG0010541,NA
OG0010543,NA
OG0010545,NA
OG0010548,NA
OG0010550,long-lived
OG0010552,NA
OG0010553,NA
OG0010554,NA
OG0010555,NA
OG0010556,NA
OG0010558,NA
OG0010559,NA
OG0010560,NA
OG0010561,long-lived
OG0010562,NA
OG0010563,NA
OG0010564,NA
OG0010566,NA
OG0010567,NA
OG0010568,NA
OG0010569,long-lived
OG0010573,NA
OG0010574,NA
OG0010575,NA
OG0010576,NA
OG0010577,NA
OG0010578,NA
OG0010580,NA
OG0010582,NA
OG0010583,long-lived
OG0010584,NA
OG0010585,long-lived
OG0010586,NA
OG0010587,NA
OG0010588,NA
OG0010590,NA
OG0010591,NA
OG0010592,NA
OG0010593,NA
OG0010594,NA
OG0010595,NA
OG0010596,NA
OG0010597,NA
OG0010598,NA
OG0010599,long-lived
OG0010600,NA
OG0010601,NA
OG0010603,NA
OG0010604,NA
OG0010605,NA
OG0010606,NA
OG0010607,NA
OG0010608,long-lived
OG0010609,NA
OG0010610,NA
OG0010611,NA
OG0010612,NA
OG0010613,NA
OG0010614,NA
OG0010615,NA
OG0010616,NA
OG0010617,long-lived
OG0010618,NA
OG0010619,NA
OG0010621,NA
OG0010622,NA
OG0010624,NA
OG0010626,NA
OG0010627,NA
OG0010628,NA
OG0010629,NA
OG0010630,NA
OG0010631,NA
OG0010632,NA
OG0010633,NA
OG0010634,NA
OG0010635,NA
OG0010636,long-lived
OG0010637,long-lived
OG0010638,NA
OG0010639,NA
OG0010641,NA
OG0010642,NA
OG0010644,NA
OG0010645,NA
OG0010646,long-lived
OG0010647,NA
OG0010648,NA
OG0010650,long-lived
OG0010651,NA
OG0010653,long-lived
OG0010654,NA
OG0010655,NA
OG0010658,NA
OG0010659,NA
OG0010661,NA
OG0010664,NA
OG0010665,NA
OG0010666,NA
OG0010667,NA
OG0010668,NA
OG0010669,NA
OG0010670,NA
OG0010672,NA
OG0010673,NA
OG0010674,long-lived
OG0010675,NA
OG0010677,long-lived
OG0010679,NA
OG0010680,NA
OG0010681,long-lived
OG0010682,NA
OG0010683,NA
OG0010684,NA
OG0010685,NA
OG0010686,NA
OG0010687,NA
OG0010688,NA
OG0010689,NA
OG0010691,NA
OG0010692,NA
OG0010693,NA
OG0010694,NA
OG0010696,NA
OG0010697,NA
OG0010698,NA
OG0010699,NA
OG0010700,long-lived
OG0010701,long-lived
OG0010702,NA
OG0010703,NA
OG0010704,NA
OG0010705,NA
OG0010706,NA
OG0010707,NA
OG0010708,NA
OG0010709,NA
OG0010710,NA
OG0010711,long-lived
OG0010712,NA
OG0010713,NA
OG0010714,long-lived
OG0010715,NA
OG0010716,NA
OG0010717,NA
OG0010718,NA
OG0010719,long-lived
OG0010720,long-lived
OG0010721,NA
OG0010722,NA
OG0010723,NA
OG0010724,long-lived
OG0010725,NA
OG0010727,NA
OG0010728,NA
OG0010729,long-lived
OG0010730,NA
OG0010731,NA
OG0010733,long-lived
OG0010734,NA
OG0010735,NA
OG0010736,NA
OG0010738,NA
OG0010739,long-lived
OG0010740,NA
OG0010741,NA
OG0010743,long-lived
OG0010744,long-lived
OG0010745,long-lived
OG0010746,NA
OG0010747,NA
OG0010748,NA
OG0010749,NA
OG0010750,NA
OG0010751,NA
OG0010752,NA
OG0010753,NA
OG0010754,NA
OG0010755,long-lived
OG0010756,NA
OG0010760,NA
OG0010762,NA
OG0010763,NA
OG0010764,NA
OG0010765,NA
OG0010766,NA
OG0010768,NA
OG0010769,NA
OG0010770,NA
OG0010774,NA
OG0010775,NA
OG0010778,NA
OG0010780,NA
OG0010781,NA
OG0010783,long-lived
OG0010786,NA
OG0010787,long-lived
OG0010788,NA
OG0010789,NA
OG0010790,NA
OG0010792,long-lived
OG0010793,NA
OG0010794,NA
OG0010796,NA
OG0010798,NA
OG0010800,NA
OG0010801,NA
OG0010802,NA
OG0010804,NA
OG0010805,NA
OG0010806,long-lived
OG0010807,NA
OG0010808,NA
OG0010809,NA
OG0010810,long-lived
OG0010811,long-lived
OG0010812,NA
OG0010813,NA
OG0010814,long-lived
OG0010815,NA
OG0010816,long-lived
OG0010817,NA
OG0010818,long-lived
OG0010820,NA
OG0010822,NA
OG0010824,long-lived
OG0010826,NA
OG0010827,NA
OG0010828,NA
OG0010830,long-lived
OG0010832,long-lived
OG0010834,long-lived
OG0010837,NA
OG0010838,NA
OG0010840,NA
OG0010841,NA
OG0010842,NA
OG0010843,NA
OG0010844,NA
OG0010845,NA
OG0010846,NA
OG0010847,NA
OG0010849,NA
OG0010851,NA
OG0010853,NA
OG0010855,NA
OG0010856,NA
OG0010857,NA
OG0010860,NA
OG0010861,NA
OG0010862,long-lived
OG0010865,NA
OG0010868,NA
OG0010869,NA
OG0010870,NA
OG0010873,long-lived
OG0010875,long-lived
OG0010876,NA
OG0010881,NA
OG0010882,NA
OG0010890,NA
OG0010891,NA
OG0010894,NA
OG0010906,NA
OG0010907,NA
OG0010910,NA
OG0010911,NA
OG0010916,NA
OG0010918,NA
OG0010920,NA
OG0010922,NA
OG0010923,NA
OG0010926,long-lived
OG0010929,NA
OG0010931,NA
OG0010932,long-lived
OG0010933,NA
OG0010939,NA
OG0010941,long-lived
OG0010943,NA
OG0010945,NA
OG0010946,long-lived
OG0010949,NA
OG0010950,NA
OG0010951,long-lived
OG0010952,NA
OG0010954,long-lived
OG0010956,long-lived
OG0010958,NA
OG0010960,NA
OG0010962,NA
OG0010964,NA
OG0010965,NA
OG0010966,NA
OG0010968,NA
OG0010970,NA
OG0010972,NA
OG0010973,long-lived
OG0010975,NA
OG0010976,NA
OG0010977,NA
OG0010978,NA
OG0010979,NA
OG0010982,long-lived
OG0010983,NA
OG0010985,NA
OG0010987,long-lived
OG0010988,NA
OG0010989,NA
OG0010994,long-lived
OG0010997,long-lived
OG0010998,long-lived
OG0011002,NA
OG0011003,NA
OG0011005,NA
OG0011008,NA
OG0011012,NA
OG0011013,NA
OG0011015,NA
OG0011016,NA
OG0011019,NA
OG0011020,long-lived
OG0011021,NA
OG0011024,NA
OG0011026,NA
OG0011027,NA
OG0011028,long-lived
OG0011029,NA
OG0011030,NA
OG0011031,long-lived
OG0011032,NA
OG0011034,NA
OG0011035,NA
OG0011036,NA
OG0011038,NA
OG0011041,NA
OG0011042,NA
OG0011043,NA
OG0011048,NA
OG0011049,NA
OG0011051,NA
OG0011052,long-lived
OG0011054,NA
OG0011055,NA
OG0011058,long-lived
OG0011060,NA
OG0011061,NA
OG0011063,NA
OG0011064,NA
OG0011065,NA
OG0011067,NA
OG0011068,NA
OG0011069,NA
OG0011070,long-lived
OG0011071,long-lived
OG0011072,long-lived
OG0011074,NA
OG0011075,NA
OG0011076,NA
OG0011078,long-lived
OG0011079,NA
OG0011080,NA
OG0011081,long-lived
OG0011082,NA
OG0011084,NA
OG0011086,NA
OG0011087,NA
OG0011088,NA
OG0011090,NA
OG0011092,NA
OG0011094,NA
OG0011095,NA
OG0011096,NA
OG0011097,NA
OG0011098,NA
OG0011099,NA
OG0011100,long-lived
OG0011101,NA
OG0011102,NA
OG0011103,NA
OG0011109,NA
OG0011110,NA
OG0011111,NA
OG0011112,NA
OG0011113,NA
OG0011114,long-lived
OG0011115,NA
OG0011116,NA
OG0011117,NA
OG0011118,NA
OG0011119,NA
OG0011120,NA
OG0011121,long-lived
OG0011122,NA
OG0011125,NA
OG0011126,NA
OG0011128,NA
OG0011130,NA
OG0011131,long-lived
OG0011132,NA
OG0011133,NA
OG0011137,NA
OG0011139,NA
OG0011140,long-lived
OG0011141,long-lived
OG0011144,NA
OG0011145,NA
OG0011146,NA
OG0011147,NA
OG0011149,NA
OG0011150,NA
OG0011151,NA
OG0011152,NA
OG0011154,NA
OG0011156,NA
OG0011157,NA
OG0011160,NA
OG0011161,NA
OG0011162,NA
OG0011163,NA
OG0011164,NA
OG0011165,long-lived
OG0011166,NA
OG0011167,NA
OG0011168,long-lived
OG0011170,NA
OG0011172,long-lived
OG0011173,NA
OG0011174,NA
OG0011175,NA
OG0011177,NA
OG0011178,NA
OG0011179,NA
OG0011181,NA
OG0011183,NA
OG0011184,NA
OG0011185,NA
OG0011188,NA
OG0011191,NA
OG0011194,NA
OG0011195,long-lived
OG0011196,NA
OG0011198,NA
OG0011200,NA
OG0011203,NA
OG0011204,long-lived
OG0011205,NA
OG0011206,NA
OG0011208,NA
OG0011209,NA
OG0011210,NA
OG0011211,NA
OG0011214,NA
OG0011215,NA
OG0011216,NA
OG0011218,NA
OG0011219,NA
OG0011220,long-lived
OG0011223,NA
OG0011224,long-lived
OG0011225,NA
OG0011227,NA
OG0011228,NA
OG0011230,NA
OG0011231,NA
OG0011233,NA
OG0011234,NA
OG0011235,NA
OG0011236,long-lived
OG0011237,NA
OG0011238,NA
OG0011239,NA
OG0011240,NA
OG0011241,NA
OG0011242,NA
OG0011245,NA
OG0011248,NA
OG0011251,NA
OG0011253,long-lived
OG0011254,NA
OG0011257,NA
OG0011259,NA
OG0011261,NA
OG0011263,NA
OG0011264,NA
OG0011265,long-lived
OG0011266,NA
OG0011267,NA
OG0011268,NA
OG0011269,NA
OG0011270,NA
OG0011272,NA
OG0011273,long-lived
OG0011274,NA
OG0011275,long-lived
OG0011277,NA
OG0011279,NA
OG0011280,NA
OG0011281,NA
OG0011282,NA
OG0011285,NA
OG0011287,NA
OG0011288,NA
OG0011290,NA
OG0011291,NA
OG0011294,NA
OG0011295,NA
OG0011297,NA
OG0011298,NA
OG0011299,NA
OG0011300,NA
OG0011302,NA
OG0011303,NA
OG0011304,NA
OG0011305,NA
OG0011306,NA
OG0011307,long-lived
OG0011308,NA
OG0011309,NA
OG0011310,long-lived
OG0011311,NA
OG0011312,NA
OG0011313,long-lived
OG0011314,NA
OG0011316,long-lived
OG0011317,NA
OG0011318,long-lived
OG0011319,NA
OG0011321,NA
OG0011323,NA
OG0011325,NA
OG0011326,NA
OG0011327,NA
OG0011328,NA
OG0011329,NA
OG0011330,NA
OG0011331,NA
OG0011332,NA
OG0011334,NA
OG0011335,NA
OG0011337,NA
OG0011338,NA
OG0011339,NA
OG0011340,NA
OG0011341,NA
OG0011344,NA
OG0011345,NA
OG0011347,NA
OG0011348,NA
OG0011349,NA
OG0011350,NA
OG0011355,NA
OG0011356,long-lived
OG0011357,NA
OG0011359,NA
OG0011360,long-lived
OG0011361,long-lived
OG0011362,NA
OG0011364,NA
OG0011365,NA
OG0011366,NA
OG0011368,NA
OG0011369,NA
OG0011370,NA
OG0011371,long-lived
OG0011372,NA
OG0011374,NA
OG0011382,NA
OG0011385,long-lived
OG0011386,NA
OG0011387,NA
OG0011388,long-lived
OG0011389,NA
OG0011390,NA
OG0011391,NA
OG0011392,NA
OG0011393,NA
OG0011394,long-lived
OG0011397,NA
OG0011398,NA
OG0011399,long-lived
OG0011401,NA
OG0011402,long-lived
OG0011403,NA
OG0011404,long-lived
OG0011407,NA
OG0011408,NA
OG0011409,NA
OG0011410,NA
OG0011412,NA
OG0011413,NA
OG0011414,NA
OG0011415,NA
OG0011416,NA
OG0011418,NA
OG0011419,long-lived
OG0011421,long-lived
OG0011422,NA
OG0011423,NA
OG0011424,NA
OG0011426,NA
OG0011427,long-lived
OG0011428,NA
OG0011430,NA
OG0011432,NA
OG0011433,long-lived
OG0011434,NA
OG0011435,NA
OG0011436,NA
OG0011437,NA
OG0011438,NA
OG0011439,long-lived
OG0011440,NA
OG0011441,NA
OG0011442,long-lived
OG0011443,NA
OG0011444,NA
OG0011445,NA
OG0011446,long-lived
OG0011447,NA
OG0011449,long-lived
OG0011451,NA
OG0011452,long-lived
OG0011453,NA
OG0011454,NA
OG0011455,NA
OG0011456,long-lived
OG0011457,NA
OG0011458,NA
OG0011459,NA
OG0011462,NA
OG0011464,NA
OG0011465,NA
OG0011466,NA
OG0011467,NA
OG0011468,NA
OG0011469,NA
OG0011471,long-lived
OG0011472,NA
OG0011480,NA
OG0011483,NA
OG0011489,NA
OG0011490,NA
OG0011493,NA
OG0011495,long-lived
OG0011496,NA
OG0011497,NA
OG0011498,NA
OG0011503,NA
OG0011504,NA
OG0011505,NA
OG0011506,long-lived
OG0011507,long-lived
OG0011508,NA
OG0011510,NA
OG0011511,NA
OG0011512,NA
OG0011513,NA
OG0011515,NA
OG0011516,NA
OG0011517,NA
OG0011518,NA
OG0011520,NA
OG0011521,NA
OG0011523,NA
OG0011524,NA
OG0011527,long-lived
OG0011528,NA
OG0011530,NA
OG0011531,NA
OG0011532,NA
OG0011533,NA
OG0011535,NA
OG0011536,NA
OG0011537,long-lived
OG0011538,NA
OG0011540,NA
OG0011541,NA
OG0011543,long-lived
OG0011544,NA
OG0011545,long-lived
OG0011547,NA
OG0011548,NA
OG0011549,NA
OG0011550,NA
OG0011551,NA
OG0011553,NA
OG0011554,long-lived
OG0011556,NA
OG0011558,NA
OG0011560,long-lived
OG0011562,NA
OG0011566,long-lived
OG0011568,long-lived
OG0011569,NA
OG0011573,NA
OG0011574,NA
OG0011575,NA
OG0011579,NA
OG0011585,NA
OG0011588,NA
OG0011603,NA
OG0011605,NA
OG0011608,long-lived
OG0011610,NA
OG0011612,long-lived
OG0011616,NA
OG0011617,long-lived
OG0011619,NA
OG0011620,NA
OG0011621,long-lived
OG0011622,NA
OG0011627,NA
OG0011628,NA
OG0011629,NA
OG0011630,long-lived
OG0011631,NA
OG0011632,NA
OG0011633,NA
OG0011635,NA
OG0011636,NA
OG0011637,NA
OG0011641,NA
OG0011642,NA
OG0011643,NA
OG0011644,long-lived
OG0011647,NA
OG0011651,NA
OG0011656,NA
OG0011657,long-lived
OG0011658,NA
OG0011659,NA
OG0011660,long-lived
OG0011661,NA
OG0011663,NA
OG0011664,NA
OG0011665,NA
OG0011666,NA
OG0011667,long-lived
OG0011668,NA
OG0011669,long-lived
OG0011670,NA
OG0011671,NA
OG0011673,NA
OG0011674,NA
OG0011680,long-lived
OG0011681,NA
OG0011682,NA
OG0011684,NA
OG0011685,NA
OG0011688,NA
OG0011689,long-lived
OG0011694,NA
OG0011697,NA
OG0011698,NA
OG0011699,NA
OG0011700,long-lived
OG0011702,NA
OG0011704,NA
OG0011705,NA
OG0011706,NA
OG0011707,NA
OG0011708,NA
OG0011710,NA
OG0011711,NA
OG0011712,NA
OG0011713,NA
OG0011715,NA
OG0011716,NA
OG0011717,NA
OG0011718,NA
OG0011719,NA
OG0011720,NA
OG0011721,NA
OG0011725,NA
OG0011727,NA
OG0011728,NA
OG0011731,NA
OG0011732,NA
OG0011734,NA
OG0011735,NA
OG0011736,NA
OG0011737,NA
OG0011738,NA
OG0011740,NA
OG0011742,NA
OG0011743,NA
OG0011744,NA
OG0011745,NA
OG0011746,NA
OG0011748,NA
OG0011751,long-lived
OG0011755,NA
OG0011756,NA
OG0011758,NA
OG0011759,NA
OG0011760,NA
OG0011761,NA
OG0011762,NA
OG0011763,NA
OG0011764,NA
OG0011765,long-lived
OG0011766,NA
OG0011767,NA
OG0011768,NA
OG0011770,NA
OG0011773,NA
OG0011775,long-lived
OG0011778,NA
OG0011780,NA
OG0011781,NA
OG0011782,NA
OG0011783,NA
OG0011785,NA
OG0011787,NA
OG0011788,NA
OG0011791,long-lived
OG0011792,NA
OG0011795,long-lived
OG0011798,NA
OG0011799,NA
OG0011800,NA
OG0011801,NA
OG0011802,NA
OG0011803,NA
OG0011805,NA
OG0011808,long-lived
OG0011809,NA
OG0011811,NA
OG0011812,NA
OG0011813,NA
OG0011814,NA
OG0011815,NA
OG0011816,NA
OG0011817,NA
OG0011819,long-lived
OG0011822,NA
OG0011823,NA
OG0011825,NA
OG0011827,NA
OG0011829,long-lived
OG0011830,NA
OG0011832,NA
OG0011833,long-lived
OG0011835,long-lived
OG0011836,long-lived
OG0011837,NA
OG0011839,NA
OG0011841,NA
OG0011842,NA
OG0011845,NA
OG0011846,NA
OG0011849,NA
OG0011850,long-lived
OG0011851,NA
OG0011852,long-lived
OG0011853,NA
OG0011855,NA
OG0011856,NA
OG0011858,NA
OG0011859,long-lived
OG0011860,NA
OG0011861,NA
OG0011862,NA
OG0011863,NA
OG0011864,NA
OG0011865,NA
OG0011866,NA
OG0011867,NA
OG0011868,NA
OG0011869,NA
OG0011872,long-lived
OG0011874,long-lived
OG0011876,long-lived
OG0011882,NA
OG0011883,NA
OG0011884,NA
OG0011885,NA
OG0011887,NA
OG0011888,NA
OG0011889,long-lived
OG0011890,NA
OG0011893,NA
OG0011896,NA
OG0011897,NA
OG0011898,NA
OG0011904,NA
OG0011905,NA
OG0011907,NA
OG0011909,NA
OG0011910,NA
OG0011911,NA
OG0011912,NA
OG0011913,NA
OG0011916,long-lived
OG0011917,long-lived
OG0011918,NA
OG0011919,long-lived
OG0011920,long-lived
OG0011921,NA
OG0011923,NA
OG0011926,NA
OG0011928,NA
OG0011930,NA
OG0011931,NA
OG0011932,long-lived
OG0011934,long-lived
OG0011936,NA
OG0011938,NA
OG0011939,NA
OG0011942,NA
OG0011943,long-lived
OG0011944,long-lived
OG0011947,NA
OG0011948,long-lived
OG0011949,long-lived
OG0011950,long-lived
OG0011951,NA
OG0011957,NA
OG0011958,long-lived
OG0011963,NA
OG0011966,NA
OG0011969,long-lived
OG0011984,NA
OG0011987,long-lived
OG0011989,long-lived
OG0011992,NA
OG0011995,NA
OG0011999,NA
OG0012000,NA
OG0012002,NA
OG0012004,NA
OG0012007,long-lived
OG0012008,NA
OG0012011,NA
OG0012013,NA
OG0012014,NA
OG0012018,NA
OG0012019,NA
OG0012024,long-lived
OG0012026,NA
OG0012029,NA
OG0012031,NA
OG0012033,NA
OG0012034,NA
OG0012035,NA
OG0012036,NA
OG0012038,NA
OG0012039,NA
OG0012040,NA
OG0012041,NA
OG0012047,NA
OG0012050,NA
OG0012051,NA
OG0012052,long-lived
OG0012053,NA
OG0012054,NA
OG0012055,NA
OG0012056,NA
OG0012060,NA
OG0012062,NA
OG0012063,NA
OG0012068,long-lived
OG0012070,NA
OG0012071,NA
OG0012073,long-lived
OG0012078,NA
OG0012079,NA
OG0012080,NA
OG0012081,long-lived
OG0012083,NA
OG0012084,NA
OG0012085,long-lived
OG0012086,NA
OG0012088,NA
OG0012089,NA
OG0012091,NA
OG0012095,NA
OG0012098,NA
OG0012099,NA
OG0012100,NA
OG0012102,NA
OG0012103,NA
OG0012104,NA
OG0012105,NA
OG0012106,NA
OG0012108,NA
OG0012109,NA
OG0012110,NA
OG0012112,NA
OG0012114,long-lived
OG0012115,NA
OG0012116,long-lived
OG0012121,NA
OG0012123,NA
OG0012124,long-lived
OG0012125,NA
OG0012127,NA
OG0012129,NA
OG0012131,NA
OG0012133,NA
OG0012136,NA
OG0012142,NA
OG0012144,NA
OG0012145,NA
OG0012147,NA
OG0012151,NA
OG0012153,long-lived
OG0012158,NA
OG0012163,NA
OG0012164,long-lived
OG0012167,NA
OG0012171,NA
OG0012172,NA
OG0012175,NA
OG0012179,NA
OG0012180,NA
OG0012186,long-lived
OG0012188,NA
OG0012189,NA
OG0012190,NA
OG0012191,NA
OG0012192,NA
OG0012194,NA
OG0012195,long-lived
OG0012197,long-lived
OG0012199,NA
OG0012201,long-lived
OG0012202,NA
OG0012204,long-lived
OG0012205,NA
OG0012206,NA
OG0012209,NA
OG0012211,NA
OG0012217,NA
OG0012228,NA
OG0012229,long-lived
OG0012231,NA
OG0012250,NA
OG0012251,NA
OG0012254,NA
OG0012256,NA
OG0012259,NA
OG0012261,NA
OG0012262,NA
OG0012263,NA
OG0012267,NA
OG0012268,NA
OG0012269,NA
OG0012270,NA
OG0012273,long-lived
OG0012274,NA
OG0012279,long-lived
OG0012283,NA
OG0012284,NA
OG0012285,long-lived
OG0012287,NA
OG0012289,NA
OG0012290,NA
OG0012291,NA
OG0012293,NA
OG0012295,NA
OG0012299,NA
OG0012300,NA
OG0012304,long-lived
OG0012305,NA
OG0012306,NA
OG0012308,NA
OG0012310,NA
OG0012312,NA
OG0012313,NA
OG0012314,NA
OG0012315,NA
OG0012317,long-lived
OG0012321,NA
OG0012323,long-lived
OG0012325,NA
OG0012328,NA
OG0012329,long-lived
OG0012330,NA
OG0012334,NA
OG0012335,long-lived
OG0012336,NA
OG0012337,NA
OG0012344,NA
OG0012345,NA
OG0012346,NA
OG0012348,NA
OG0012349,NA
OG0012354,long-lived
OG0012358,NA
OG0012360,NA
OG0012361,NA
OG0012364,long-lived
OG0012367,NA
OG0012369,NA
OG0012371,NA
OG0012372,NA
OG0012373,NA
OG0012374,long-lived
OG0012376,NA
OG0012377,NA
OG0012379,long-lived
OG0012383,NA
OG0012387,NA
OG0012388,long-lived
OG0012389,NA
OG0012394,NA
OG0012396,NA
OG0012404,NA
OG0012417,NA
OG0012423,NA
OG0012425,long-lived
OG0012430,NA
OG0012431,long-lived
OG0012438,NA
OG0012442,NA
OG0012449,NA
OG0012453,NA
OG0012457,NA
OG0012462,NA
OG0012465,NA
OG0012468,NA
OG0012469,NA
OG0012473,NA
OG0012479,NA
OG0012483,NA
OG0012490,long-lived
OG0012491,NA
OG0012492,long-lived
OG0012496,NA
OG0012497,NA
OG0012499,NA
OG0012502,NA
OG0012503,NA
OG0012506,NA
OG0012514,NA
OG0012516,long-lived
OG0012520,NA
OG0012524,NA
OG0012527,NA
OG0012528,NA
OG0012529,NA
OG0012530,NA
OG0012532,NA
OG0012533,NA
OG0012534,long-lived
OG0012535,NA
OG0012553,long-lived
OG0012564,long-lived
OG0012588,NA
OG0012594,NA
OG0012597,NA
OG0012603,NA
OG0012605,NA
OG0012607,NA
OG0012609,NA
OG0012612,NA
OG0012613,NA
OG0012621,NA
OG0012623,NA
OG0012624,NA
OG0012625,NA
OG0012626,long-lived
OG0012628,NA
OG0012631,NA
OG0012635,NA
OG0012650,NA
OG0012651,NA
OG0012653,long-lived
OG0012654,NA
OG0012658,NA
OG0012659,NA
OG0012660,NA
OG0012664,NA
OG0012665,NA
OG0012666,long-lived
OG0012668,NA
OG0012672,NA
OG0012674,NA
OG0012675,long-lived
OG0012680,NA
OG0012683,long-lived
OG0012684,long-lived
OG0012690,long-lived
OG0012691,NA
OG0012693,long-lived
OG0012697,NA
OG0012701,NA
OG0012703,NA
OG0012714,long-lived
OG0012715,NA
OG0012727,long-lived
OG0013338,NA
